S,L,beta,"T(L,beta)",1-T
1.0,4,0.0,0.012345679012,9.876543e-01
1.0,4,0.05,0.012515377420,9.874846e-01
1.0,4,0.1,0.013053126051,9.869469e-01
1.0,4,0.15,0.014021764709,9.859782e-01
1.0,4,0.2,0.015511312749,9.844887e-01
1.0,4,0.25,0.017637203679,9.823628e-01
1.0,4,0.3,0.020534894114,9.794651e-01
1.0,4,0.35,0.024350703603,9.756493e-01
1.0,4,0.4,0.029229431314,9.707706e-01
1.0,4,0.45,0.035300130271,9.646999e-01
1.0,4,0.5,0.042662128290,9.573379e-01
1.0,4,0.55,0.051373655889,9.486263e-01
1.0,4,0.6,0.061445086128,9.385549e-01
1.0,4,0.65,0.072837865209,9.271621e-01
1.0,4,0.7,0.085469010674,9.145310e-01
1.0,4,0.75,0.099219971250,9.007800e-01
1.0,4,0.8,0.113947990662,8.860520e-01
1.0,4,0.85,0.129498007020,8.705020e-01
1.0,4,0.9,0.145713457528,8.542865e-01
1.0,4,0.95,0.162444939219,8.375551e-01
1.0,4,1.0,0.179556287684,8.204437e-01
1.0,4,1.05,0.196928130421,8.030719e-01
1.0,4,1.1,0.214459287589,7.855407e-01
1.0,4,1.15,0.232066536610,7.679335e-01
1.0,4,1.2,0.249683270358,7.503167e-01
1.0,4,1.25,0.267257513183,7.327425e-01
1.0,4,1.3,0.284749658585,7.152503e-01
1.0,4,1.35,0.302130187388,6.978698e-01
1.0,4,1.4,0.319377532774,6.806225e-01
1.0,4,1.45,0.336476185432,6.635238e-01
1.0,4,1.5,0.353415079134,6.465849e-01
1.0,4,1.55,0.370186261570,6.298137e-01
1.0,4,1.6,0.386783833642,6.132162e-01
1.0,4,1.65,0.403203128733,5.967969e-01
1.0,4,1.7,0.419440098663,5.805599e-01
1.0,4,1.75,0.435490872522,5.645091e-01
1.0,4,1.8,0.451351456574,5.486485e-01
1.0,4,1.85,0.467017546741,5.329825e-01
1.0,4,1.9,0.482484428965,5.175156e-01
1.0,4,1.95,0.497746946552,5.022531e-01
1.0,4,2.0,0.512799517165,4.872005e-01
1.0,4,2.25,0.584696313595,4.153037e-01
1.0,4,2.5,0.650397106787,3.496029e-01
1.0,4,2.75,0.709222186801,2.907778e-01
1.0,4,3.0,0.760801532797,2.391985e-01
1.0,4,3.25,0.805143819648,1.948562e-01
1.0,4,3.5,0.842596358019,1.574036e-01
1.0,4,3.75,0.873749746018,1.262503e-01
1.0,4,4.0,0.899331642362,1.006684e-01
1.0,4,4.25,0.920115646554,7.988435e-02
1.0,4,4.5,0.936855308638,6.314469e-02
1.0,4,4.75,0.950243218516,4.975678e-02
1.0,4,5.0,0.960890406996,3.910959e-02
1.0,4,5.25,0.969320102668,3.067990e-02
1.0,4,5.5,0.975970507332,2.402949e-02
1.0,4,5.75,0.981202515238,1.879748e-02
1.0,4,6.0,0.985309584738,1.469042e-02
1.0,4,6.25,0.988528019437,1.147198e-02
1.0,4,6.5,0.991046675242,8.953325e-03
1.0,4,6.75,0.993015614749,6.984385e-03
1.0,4,7.0,0.994553542316,5.446458e-03
1.0,4,7.25,0.995754031260,4.245969e-03
1.0,4,7.5,0.996690645872,3.309354e-03
1.0,4,7.75,0.997421099126,2.578901e-03
1.0,4,8.0,0.997990594709,2.009405e-03
1.0,4,8.25,0.998434493701,1.565506e-03
1.0,4,8.5,0.998780430522,1.219569e-03
1.0,4,8.75,0.999049984761,9.500152e-04
1.0,4,9.0,0.999259997797,7.400022e-04
1.0,4,9.25,0.999423607080,5.763929e-04
1.0,4,9.5,0.999551057043,4.489430e-04
1.0,4,9.75,0.999650333936,3.496661e-04
1.0,4,10.0,0.999727662242,2.723378e-04
1.0,4,10.25,0.999787892493,2.121075e-04
1.0,4,10.5,0.999834804048,1.651960e-04
1.0,4,10.75,0.999871341346,1.286587e-04
1.0,4,11.0,0.999899798163,1.002018e-04
1.0,4,11.25,0.999921961289,7.803871e-05
1.0,4,11.5,0.999939222517,6.077748e-05
1.0,4,11.75,0.999952665918,4.733408e-05
1.0,4,12.0,0.999963135858,3.686414e-05
1.0,4,12.25,0.999971289983,2.871002e-05
1.0,4,12.5,0.999977640498,2.235950e-05
1.0,4,12.75,0.999982586330,1.741367e-05
1.0,4,13.0,0.999986438177,1.356182e-05
1.0,4,13.25,0.999989438015,1.056198e-05
1.0,4,13.5,0.999991774302,8.225698e-06
1.0,4,13.75,0.999993593810,6.406190e-06
1.0,4,14.0,0.999995010848,4.989152e-06
1.0,4,14.25,0.999996114441,3.885559e-06
1.0,4,14.5,0.999996973922,3.026078e-06
1.0,4,14.75,0.999997643287,2.356713e-06
1.0,4,15.0,0.999998164589,1.835411e-06
1.0,4,15.25,0.999998570580,1.429420e-06
1.0,4,15.5,0.999998886766,1.113234e-06
1.0,4,15.75,0.999999133012,8.669875e-07
1.0,4,16.0,0.999999324789,6.752107e-07
1.0,4,16.25,0.999999474145,5.258547e-07
1.0,4,16.5,0.999999590464,4.095361e-07
1.0,4,16.75,0.999999681053,3.189470e-07
1.0,4,17.0,0.999999751604,2.483962e-07
1.0,4,17.25,0.999999806549,1.934512e-07
1.0,4,17.5,0.999999849340,1.506599e-07
1.0,4,17.75,0.999999882666,1.173341e-07
1.0,4,18.0,0.999999908620,9.137987e-08
1.0,4,18.25,0.999999928833,7.116672e-08
1.0,4,18.5,0.999999944575,5.542470e-08
1.0,4,18.75,0.999999956835,4.316480e-08
1.0,4,19.0,0.999999966383,3.361678e-08
1.0,4,19.25,0.999999973819,2.618077e-08
1.0,4,19.5,0.999999979610,2.038961e-08
1.0,4,19.75,0.999999984121,1.587944e-08
1.0,4,20.0,0.999999987633,1.236692e-08
1.0,4,20.25,0.999999990369,9.631368e-09
1.0,4,20.5,0.999999992499,7.500917e-09
1.0,4,20.75,0.999999994158,5.841720e-09
1.0,4,21.0,0.999999995450,4.549536e-09
1.0,4,21.25,0.999999996457,3.543182e-09
1.0,4,21.5,0.999999997241,2.759433e-09
1.0,4,21.75,0.999999997851,2.149049e-09
1.0,4,22.0,0.999999998326,1.673681e-09
1.0,4,22.25,0.999999998697,1.303464e-09
1.0,4,22.5,0.999999998985,1.015139e-09
1.0,4,22.75,0.999999999209,7.905909e-10
1.0,4,23.0,0.999999999384,6.157128e-10
1.0,4,23.25,0.999999999520,4.795176e-10
1.0,4,23.5,0.999999999627,3.734487e-10
1.0,4,23.75,0.999999999709,2.908421e-10
1.0,4,24.0,0.999999999773,2.265081e-10
1.0,4,24.25,0.999999999824,1.764047e-10
1.0,4,24.5,0.999999999863,1.373841e-10
1.0,4,24.75,0.999999999893,1.069948e-10
1.0,4,25.0,0.999999999917,8.332766e-11
1.0,4,25.25,0.999999999935,6.489565e-11
1.0,4,25.5,0.999999999949,5.054078e-11
1.0,4,25.75,0.999999999961,3.936120e-11
1.0,4,26.0,0.999999999969,3.065453e-11
1.0,4,26.25,0.999999999976,2.387378e-11
1.0,4,26.5,0.999999999981,1.859291e-11
1.0,4,26.75,0.999999999986,1.448018e-11
1.0,4,27.0,0.999999999989,1.127717e-11
1.0,4,27.25,0.999999999991,8.782671e-12
1.0,4,27.5,0.999999999993,6.839951e-12
1.0,4,27.75,0.999999999995,5.326959e-12
1.0,4,28.0,0.999999999996,4.148640e-12
1.0,4,28.25,0.999999999997,3.230964e-12
1.0,4,28.5,0.999999999997,2.516277e-12
1.0,4,28.75,0.999999999998,1.959679e-12
1.0,4,29.0,0.999999999998,1.526199e-12
1.0,4,29.25,0.999999999999,1.188605e-12
1.0,4,29.5,0.999999999999,9.256867e-13
1.0,4,29.75,0.999999999999,7.209255e-13
1.0,4,30.0,0.999999999999,5.614574e-13
1.0,4,30.25,1.000000000000,4.372634e-13
1.0,4,30.5,1.000000000000,3.405411e-13
1.0,4,30.75,1.000000000000,2.652137e-13
1.0,4,31.0,1.000000000000,2.065486e-13
1.0,4,31.25,1.000000000000,1.608602e-13
1.0,4,31.5,1.000000000000,1.252781e-13
1.0,4,31.75,1.000000000000,9.756666e-14
1.0,4,32.0,1.000000000000,7.598499e-14
1.0,4,32.25,1.000000000000,5.917717e-14
1.0,4,32.5,1.000000000000,4.608723e-14
1.0,4,32.75,1.000000000000,3.589277e-14
1.0,4,33.0,1.000000000000,2.795332e-14
1.0,4,33.25,1.000000000000,2.177007e-14
1.0,4,33.5,1.000000000000,1.695454e-14
1.0,4,33.75,1.000000000000,1.320421e-14
1.0,4,34.0,1.000000000000,1.028345e-14
1.0,4,34.25,1.000000000000,8.008759e-15
1.0,4,34.5,1.000000000000,6.237228e-15
1.0,4,34.75,1.000000000000,4.857558e-15
1.0,4,35.0,1.000000000000,3.783070e-15
1.0,4,35.25,1.000000000000,2.946258e-15
1.0,4,35.5,1.000000000000,2.294548e-15
1.0,4,35.75,1.000000000000,1.786996e-15
1.0,4,36.0,1.000000000000,1.391714e-15
1.0,4,36.25,1.000000000000,1.083868e-15
1.0,4,36.5,1.000000000000,8.441170e-16
1.0,4,36.75,1.000000000000,6.573990e-16
1.0,4,37.0,1.000000000000,5.119829e-16
1.0,4,37.25,1.000000000000,3.987327e-16
1.0,4,37.5,1.000000000000,3.105333e-16
1.0,4,37.75,1.000000000000,2.418436e-16
1.0,4,38.0,1.000000000000,1.883480e-16
1.0,4,38.25,1.000000000000,1.466855e-16
1.0,4,38.5,1.000000000000,1.142388e-16
1.0,4,38.75,1.000000000000,8.896928e-17
1.0,4,39.0,1.000000000000,6.928935e-17
1.0,4,39.25,1.000000000000,5.396260e-17
1.0,4,39.5,1.000000000000,4.202611e-17
1.0,4,39.75,1.000000000000,3.272997e-17
1.0,4,40.0,1.000000000000,2.549013e-17
1.0,6,0.0,0.001371742112,9.986283e-01
1.0,6,0.05,0.001400011555,9.986000e-01
1.0,6,0.1,0.001489487496,9.985105e-01
1.0,6,0.15,0.001650714995,9.983493e-01
1.0,6,0.2,0.001900143535,9.980999e-01
1.0,6,0.25,0.002261874697,9.977381e-01
1.0,6,0.3,0.002769614452,9.972304e-01
1.0,6,0.35,0.003468574578,9.965314e-01
1.0,6,0.4,0.004416945009,9.955831e-01
1.0,6,0.45,0.005686475455,9.943135e-01
1.0,6,0.5,0.007361703216,9.926383e-01
1.0,6,0.55,0.009537479590,9.904625e-01
1.0,6,0.6,0.012314687012,9.876853e-01
1.0,6,0.65,0.015794368707,9.842056e-01
1.0,6,0.7,0.020070837383,9.799292e-01
1.0,6,0.75,0.025224594521,9.747754e-01
1.0,6,0.8,0.031315996258,9.686840e-01
1.0,6,0.85,0.038380509892,9.616195e-01
1.0,6,0.9,0.046426140419,9.535739e-01
1.0,6,0.95,0.055433242086,9.445668e-01
1.0,6,1.0,0.065356559511,9.346434e-01
1.0,6,1.05,0.076129048696,9.238710e-01
1.0,6,1.1,0.087666858559,9.123331e-01
1.0,6,1.15,0.099874816229,9.001252e-01
1.0,6,1.2,0.112651830134,8.873482e-01
1.0,6,1.25,0.125895762946,8.741042e-01
1.0,6,1.3,0.139507489384,8.604925e-01
1.0,6,1.35,0.153394008145,8.466060e-01
1.0,6,1.4,0.167470602317,8.325294e-01
1.0,6,1.45,0.181662130253,8.183379e-01
1.0,6,1.5,0.195903580101,8.040964e-01
1.0,6,1.55,0.210140042176,7.898600e-01
1.0,6,1.6,0.224326252453,7.756737e-01
1.0,6,1.65,0.238425845719,7.615742e-01
1.0,6,1.7,0.252410435061,7.475896e-01
1.0,6,1.75,0.266258610211,7.337414e-01
1.0,6,1.8,0.279954924133,7.200451e-01
1.0,6,1.85,0.293488916744,7.065111e-01
1.0,6,1.9,0.306854207756,6.931458e-01
1.0,6,1.95,0.320047677255,6.799523e-01
1.0,6,2.0,0.333068742627,6.669313e-01
1.0,6,2.25,0.395674119191,6.043259e-01
1.0,6,2.5,0.454488943427,5.455111e-01
1.0,6,2.75,0.509963211435,4.900368e-01
1.0,6,3.0,0.562292185992,4.377078e-01
1.0,6,3.25,0.611438929688,3.885611e-01
1.0,6,3.5,0.657242092928,3.427579e-01
1.0,6,3.75,0.699518325999,3.004817e-01
1.0,6,4.0,0.738132313060,2.618677e-01
1.0,6,4.25,0.773032929481,2.269671e-01
1.0,6,4.5,0.804262840679,1.957372e-01
1.0,6,4.75,0.831950671381,1.680493e-01
1.0,6,5.0,0.856293823304,1.437062e-01
1.0,6,5.25,0.877537984750,1.224620e-01
1.0,6,5.5,0.895957265708,1.040427e-01
1.0,6,5.75,0.911837124549,8.816288e-02
1.0,6,6.0,0.925460964543,7.453904e-02
1.0,6,6.25,0.937100450931,6.289955e-02
1.0,6,6.5,0.947009141093,5.299086e-02
1.0,6,6.75,0.955418822980,4.458118e-02
1.0,6,7.0,0.962537923419,3.746208e-02
1.0,6,7.25,0.968551404337,3.144860e-02
1.0,6,7.5,0.973621660897,2.637834e-02
1.0,6,7.75,0.977890040401,2.210996e-02
1.0,6,8.0,0.981478697964,1.852130e-02
1.0,6,8.25,0.984492587101,1.550741e-02
1.0,6,8.5,0.987021448652,1.297855e-02
1.0,6,8.75,0.989141711048,1.085829e-02
1.0,6,9.0,0.990918251063,9.081749e-03
1.0,6,9.25,0.992405989594,7.594010e-03
1.0,6,9.5,0.993651314206,6.348686e-03
1.0,6,9.75,0.994693331276,5.306669e-03
1.0,6,10.0,0.995564957276,4.435043e-03
1.0,6,10.25,0.996293862445,3.706138e-03
1.0,6,10.5,0.996903281695,3.096718e-03
1.0,6,10.75,0.997412707922,2.587292e-03
1.0,6,11.0,0.997838482345,2.161518e-03
1.0,6,11.25,0.998194295469,1.805705e-03
1.0,6,11.5,0.998491611049,1.508389e-03
1.0,6,11.75,0.998740024078,1.259976e-03
1.0,6,12.0,0.998947562487,1.052438e-03
1.0,6,12.25,0.999120941040,8.790590e-04
1.0,6,12.5,0.999265774707,7.342253e-04
1.0,6,12.75,0.999386757799,6.132422e-04
1.0,6,13.0,0.999487814233,5.121858e-04
1.0,6,13.25,0.999572223477,4.277765e-04
1.0,6,13.5,0.999642726051,3.572739e-04
1.0,6,13.75,0.999701611867,2.983881e-04
1.0,6,14.0,0.999750794152,2.492058e-04
1.0,6,14.25,0.999791871297,2.081287e-04
1.0,6,14.5,0.999826178588,1.738214e-04
1.0,6,14.75,0.999854831455,1.451685e-04
1.0,6,15.0,0.999878761637,1.212384e-04
1.0,6,15.25,0.999898747402,1.012526e-04
1.0,6,15.5,0.999915438808,8.456119e-05
1.0,6,15.75,0.999929378812,7.062119e-05
1.0,6,16.0,0.999941020904,5.897910e-05
1.0,6,16.25,0.999950743845,4.925616e-05
1.0,6,16.5,0.999958863975,4.113603e-05
1.0,6,16.75,0.999965645498,3.435450e-05
1.0,6,17.0,0.999971309073,2.869093e-05
1.0,6,17.25,0.999976038987,2.396101e-05
1.0,6,17.5,0.999979989152,2.001085e-05
1.0,6,17.75,0.999983288110,1.671189e-05
1.0,6,18.0,0.999986043214,1.395679e-05
1.0,6,18.25,0.999988344118,1.165588e-05
1.0,6,18.5,0.999990265700,9.734300e-06
1.0,6,18.75,0.999991870494,8.129506e-06
1.0,6,19.0,0.999993210723,6.789277e-06
1.0,6,19.25,0.999994330003,5.669997e-06
1.0,6,19.5,0.999995264760,4.735240e-06
1.0,6,19.75,0.999996045412,3.954588e-06
1.0,6,20.0,0.999996697367,3.302633e-06
1.0,6,20.25,0.999997241840,2.758160e-06
1.0,6,20.5,0.999997696552,2.303448e-06
1.0,6,20.75,0.999998076300,1.923700e-06
1.0,6,21.0,0.999998393442,1.606558e-06
1.0,6,21.25,0.999998658300,1.341700e-06
1.0,6,21.5,0.999998879494,1.120506e-06
1.0,6,21.75,0.999999064221,9.357790e-07
1.0,6,22.0,0.999999218494,7.815059e-07
1.0,6,22.25,0.999999347334,6.526663e-07
1.0,6,22.5,0.999999454933,5.450673e-07
1.0,6,22.75,0.999999544793,4.552071e-07
1.0,6,23.0,0.999999619839,3.801613e-07
1.0,6,23.25,0.999999682512,3.174876e-07
1.0,6,23.5,0.999999734854,2.651464e-07
1.0,6,23.75,0.999999778566,2.214342e-07
1.0,6,24.0,0.999999815072,1.849283e-07
1.0,6,24.25,0.999999845559,1.544409e-07
1.0,6,24.5,0.999999871020,1.289797e-07
1.0,6,24.75,0.999999892284,1.077160e-07
1.0,6,25.0,0.999999910042,8.995784e-08
1.0,6,25.25,0.999999924873,7.512732e-08
1.0,6,25.5,0.999999937258,6.274178e-08
1.0,6,25.75,0.999999947602,5.239812e-08
1.0,6,26.0,0.999999956240,4.375972e-08
1.0,6,26.25,0.999999963455,3.654546e-08
1.0,6,26.5,0.999999969479,3.052055e-08
1.0,6,26.75,0.999999974511,2.548891e-08
1.0,6,27.0,0.999999978713,2.128679e-08
1.0,6,27.25,0.999999982223,1.777743e-08
1.0,6,27.5,0.999999985153,1.484663e-08
1.0,6,27.75,0.999999987601,1.239900e-08
1.0,6,28.0,0.999999989645,1.035489e-08
1.0,6,28.25,0.999999991352,8.647777e-09
1.0,6,28.5,0.999999992778,7.222098e-09
1.0,6,28.75,0.999999993969,6.031457e-09
1.0,6,29.0,0.999999994963,5.037106e-09
1.0,6,29.25,0.999999995793,4.206685e-09
1.0,6,29.5,0.999999996487,3.513168e-09
1.0,6,29.75,0.999999997066,2.933984e-09
1.0,6,30.0,0.999999997550,2.450285e-09
1.0,6,30.25,0.999999997954,2.046329e-09
1.0,6,30.5,0.999999998291,1.708970e-09
1.0,6,30.75,0.999999998573,1.427228e-09
1.0,6,31.0,0.999999998808,1.191934e-09
1.0,6,31.25,0.999999999005,9.954307e-10
1.0,6,31.5,0.999999999169,8.313232e-10
1.0,6,31.75,0.999999999306,6.942706e-10
1.0,6,32.0,0.999999999420,5.798126e-10
1.0,6,32.25,0.999999999516,4.842243e-10
1.0,6,32.5,0.999999999596,4.043947e-10
1.0,6,32.75,0.999999999662,3.377258e-10
1.0,6,33.0,0.999999999718,2.820481e-10
1.0,6,33.25,0.999999999764,2.355494e-10
1.0,6,33.5,0.999999999803,1.967166e-10
1.0,6,33.75,0.999999999836,1.642857e-10
1.0,6,34.0,0.999999999863,1.372014e-10
1.0,6,34.25,0.999999999885,1.145823e-10
1.0,6,34.5,0.999999999904,9.569218e-11
1.0,6,34.75,0.999999999920,7.991629e-11
1.0,6,35.0,0.999999999933,6.674123e-11
1.0,6,35.25,0.999999999944,5.573822e-11
1.0,6,35.5,0.999999999953,4.654917e-11
1.0,6,35.75,0.999999999961,3.887504e-11
1.0,6,36.0,0.999999999968,3.246607e-11
1.0,6,36.25,0.999999999973,2.711369e-11
1.0,6,36.5,0.999999999977,2.264370e-11
1.0,6,36.75,0.999999999981,1.891065e-11
1.0,6,37.0,0.999999999984,1.579302e-11
1.0,6,37.25,0.999999999987,1.318937e-11
1.0,6,37.5,0.999999999989,1.101496e-11
1.0,6,37.75,0.999999999991,9.199026e-12
1.0,6,38.0,0.999999999992,7.682468e-12
1.0,6,38.25,0.999999999994,6.415930e-12
1.0,6,38.5,0.999999999995,5.358195e-12
1.0,6,38.75,0.999999999996,4.474839e-12
1.0,6,39.0,0.999999999996,3.737113e-12
1.0,6,39.25,0.999999999997,3.121010e-12
1.0,6,39.5,0.999999999997,2.606478e-12
1.0,6,39.75,0.999999999998,2.176772e-12
1.0,6,40.0,0.999999999998,1.817907e-12
1.0,8,0.0,0.000152415790,9.998476e-01
1.0,8,0.05,0.000156618121,9.998434e-01
1.0,8,0.1,0.000170100828,9.998299e-01
1.0,8,0.15,0.000195043373,9.998050e-01
1.0,8,0.2,0.000235089135,9.997649e-01
1.0,8,0.25,0.000295859175,9.997041e-01
1.0,8,0.3,0.000385647894,9.996144e-01
1.0,8,0.35,0.000516319803,9.994837e-01
1.0,8,0.4,0.000704393912,9.992956e-01
1.0,8,0.45,0.000972252350,9.990277e-01
1.0,8,0.5,0.001349347837,9.986507e-01
1.0,8,0.55,0.001873223276,9.981268e-01
1.0,8,0.6,0.002590113792,9.974099e-01
1.0,8,0.65,0.003554896041,9.964451e-01
1.0,8,0.7,0.004830194475,9.951698e-01
1.0,8,0.75,0.006484550680,9.935154e-01
1.0,8,0.8,0.008589696151,9.914103e-01
1.0,8,0.85,0.011217114695,9.887829e-01
1.0,8,0.9,0.014434206110,9.855658e-01
1.0,8,0.95,0.018300439513,9.816996e-01
1.0,8,1.0,0.022863896312,9.771361e-01
1.0,8,1.05,0.028158548696,9.718415e-01
1.0,8,1.1,0.034202514323,9.657975e-01
1.0,8,1.15,0.040997395596,9.590026e-01
1.0,8,1.2,0.048528679107,9.514713e-01
1.0,8,1.25,0.056767059584,9.432329e-01
1.0,8,1.3,0.065670476863,9.343295e-01
1.0,8,1.35,0.075186618363,9.248134e-01
1.0,8,1.4,0.085255639796,9.147444e-01
1.0,8,1.45,0.095812884628,9.041871e-01
1.0,8,1.5,0.106791427639,8.932086e-01
1.0,8,1.55,0.118124319624,8.818757e-01
1.0,8,1.6,0.129746460750,8.702535e-01
1.0,8,1.65,0.141596074048,8.584039e-01
1.0,8,1.7,0.153615785087,8.463842e-01
1.0,8,1.75,0.165753338387,8.342467e-01
1.0,8,1.8,0.177961996309,8.220380e-01
1.0,8,1.85,0.190200673484,8.097993e-01
1.0,8,1.9,0.202433861236,7.975661e-01
1.0,8,1.95,0.214631393624,7.853686e-01
1.0,8,2.0,0.226768101391,7.732319e-01
1.0,8,2.25,0.285952872915,7.140471e-01
1.0,8,2.5,0.341937832854,6.580622e-01
1.0,8,2.75,0.394638761127,6.053612e-01
1.0,8,3.0,0.444392671306,5.556073e-01
1.0,8,3.25,0.491544195544,5.084558e-01
1.0,8,3.5,0.536309231159,4.636908e-01
1.0,8,3.75,0.578767781486,4.212322e-01
1.0,8,4.0,0.618903024673,3.810970e-01
1.0,8,4.25,0.656648090907,3.433519e-01
1.0,8,4.5,0.691925363283,3.080746e-01
1.0,8,4.75,0.724674001310,2.753260e-01
1.0,8,5.0,0.754866055757,2.451339e-01
1.0,8,5.25,0.782513305504,2.174867e-01
1.0,8,5.5,0.807667374763,1.923326e-01
1.0,8,5.75,0.830415514814,1.695845e-01
1.0,8,6.0,0.850874011657,1.491260e-01
1.0,8,6.25,0.869180690796,1.308193e-01
1.0,8,6.5,0.885487527637,1.145125e-01
1.0,8,6.75,0.899953982682,1.000460e-01
1.0,8,7.0,0.912741380520,8.725862e-02
1.0,8,7.25,0.924008438115,7.599156e-02
1.0,8,7.5,0.933907908822,6.609209e-02
1.0,8,7.75,0.942584227863,5.741577e-02
1.0,8,8.0,0.950172006840,4.982799e-02
1.0,8,8.25,0.956795215165,4.320478e-02
1.0,8,8.5,0.962566894197,3.743311e-02
1.0,8,8.75,0.967589267292,3.241073e-02
1.0,8,9.0,0.971954130288,2.804587e-02
1.0,8,9.25,0.975743428785,2.425657e-02
1.0,8,9.5,0.979029948825,2.097005e-02
1.0,8,9.75,0.981878065270,1.812193e-02
1.0,8,10.0,0.984344506977,1.565549e-02
1.0,8,10.25,0.986479109845,1.352089e-02
1.0,8,10.5,0.988325538179,1.167446e-02
1.0,8,10.75,0.989921962032,1.007804e-02
1.0,8,11.0,0.991301683550,8.698316e-03
1.0,8,11.25,0.992493709232,7.506291e-03
1.0,8,11.5,0.993523267773,6.476732e-03
1.0,8,11.75,0.994412275045,5.587725e-03
1.0,8,12.0,0.995179748941,4.820251e-03
1.0,8,12.25,0.995842177547,4.157822e-03
1.0,8,12.5,0.996413844466,3.586156e-03
1.0,8,12.75,0.996907115215,3.092885e-03
1.0,8,13.0,0.997332688589,2.667311e-03
1.0,8,13.25,0.997699816691,2.300183e-03
1.0,8,13.5,0.998016497109,1.983503e-03
1.0,8,13.75,0.998289640461,1.710360e-03
1.0,8,14.0,0.998525216223,1.474784e-03
1.0,8,14.25,0.998728379481,1.271621e-03
1.0,8,14.5,0.998903580984,1.096419e-03
1.0,8,14.75,0.999054662590,9.453374e-04
1.0,8,15.0,0.999184939985,8.150600e-04
1.0,8,15.25,0.999297274314,7.027257e-04
1.0,8,15.5,0.999394134169,6.058658e-04
1.0,8,15.75,0.999477649208,5.223508e-04
1.0,8,16.0,0.999549656513,4.503435e-04
1.0,8,16.25,0.999611740652,3.882593e-04
1.0,8,16.5,0.999665268290,3.347317e-04
1.0,8,16.75,0.999711418079,2.885819e-04
1.0,8,17.0,0.999751206471,2.487935e-04
1.0,8,17.25,0.999785509997,2.144900e-04
1.0,8,17.5,0.999815084499,1.849155e-04
1.0,8,17.75,0.999840581726,1.594183e-04
1.0,8,18.0,0.999862563649,1.374364e-04
1.0,8,18.25,0.999881514820,1.184852e-04
1.0,8,18.5,0.999897853026,1.021470e-04
1.0,8,18.75,0.999911938484,8.806152e-05
1.0,8,19.0,0.999924081763,7.591824e-05
1.0,8,19.25,0.999934550632,6.544937e-05
1.0,8,19.5,0.999943575947,5.642405e-05
1.0,8,19.75,0.999951356742,4.864326e-05
1.0,8,20.0,0.999958064615,4.193539e-05
1.0,8,20.25,0.999963847504,3.615250e-05
1.0,8,20.5,0.999968832953,3.116705e-05
1.0,8,20.75,0.999973130922,2.686908e-05
1.0,8,21.0,0.999976836208,2.316379e-05
1.0,8,21.25,0.999980030538,1.996946e-05
1.0,8,21.5,0.999982784370,1.721563e-05
1.0,8,21.75,0.999985158447,1.484155e-05
1.0,8,22.0,0.999987205137,1.279486e-05
1.0,8,22.25,0.999988969585,1.103041e-05
1.0,8,22.5,0.999990490713,9.509287e-06
1.0,8,22.75,0.999991802074,8.197926e-06
1.0,8,23.0,0.999992932596,7.067404e-06
1.0,8,23.25,0.999993907215,6.092785e-06
1.0,8,23.5,0.999994747432,5.252568e-06
1.0,8,23.75,0.999995471780,4.528220e-06
1.0,8,24.0,0.999996096238,3.903762e-06
1.0,8,24.25,0.999996634582,3.365418e-06
1.0,8,24.5,0.999997098686,2.901314e-06
1.0,8,24.75,0.999997498788,2.501212e-06
1.0,8,25.0,0.999997843715,2.156285e-06
1.0,8,25.25,0.999998141075,1.858925e-06
1.0,8,25.5,0.999998397428,1.602572e-06
1.0,8,25.75,0.999998618429,1.381571e-06
1.0,8,26.0,0.999998808953,1.191047e-06
1.0,8,26.25,0.999998973204,1.026796e-06
1.0,8,26.5,0.999999114803,8.851971e-07
1.0,8,26.75,0.999999236875,7.631248e-07
1.0,8,27.0,0.999999342113,6.578868e-07
1.0,8,27.25,0.999999432838,5.671615e-07
1.0,8,27.5,0.999999511052,4.889476e-07
1.0,8,27.75,0.999999578480,4.215198e-07
1.0,8,28.0,0.999999636610,3.633905e-07
1.0,8,28.25,0.999999686723,3.132774e-07
1.0,8,28.5,0.999999729925,2.700752e-07
1.0,8,28.75,0.999999767169,2.328307e-07
1.0,8,29.0,0.999999799278,2.007224e-07
1.0,8,29.25,0.999999826958,1.730419e-07
1.0,8,29.5,0.999999850821,1.491787e-07
1.0,8,29.75,0.999999871394,1.286064e-07
1.0,8,30.0,0.999999889129,1.108710e-07
1.0,8,30.25,0.999999904419,9.558145e-08
1.0,8,30.5,0.999999917600,8.240037e-08
1.0,8,30.75,0.999999928963,7.103702e-08
1.0,8,31.0,0.999999938759,6.124072e-08
1.0,8,31.25,0.999999947205,5.279537e-08
1.0,8,31.5,0.999999954485,4.551467e-08
1.0,8,31.75,0.999999960762,3.923801e-08
1.0,8,32.0,0.999999966173,3.382693e-08
1.0,8,32.25,0.999999970838,2.916205e-08
1.0,8,32.5,0.999999974860,2.514049e-08
1.0,8,32.75,0.999999978326,2.167351e-08
1.0,8,33.0,0.999999981315,1.868464e-08
1.0,8,33.25,0.999999983892,1.610795e-08
1.0,8,33.5,0.999999986113,1.388660e-08
1.0,8,33.75,0.999999988028,1.197158e-08
1.0,8,34.0,0.999999989679,1.032065e-08
1.0,8,34.25,0.999999991103,8.897389e-09
1.0,8,34.5,0.999999992330,7.670402e-09
1.0,8,34.75,0.999999993387,6.612622e-09
1.0,8,35.0,0.999999994299,5.700714e-09
1.0,8,35.25,0.999999995085,4.914562e-09
1.0,8,35.5,0.999999995763,4.236823e-09
1.0,8,35.75,0.999999996347,3.652548e-09
1.0,8,36.0,0.999999996851,3.148846e-09
1.0,8,36.25,0.999999997285,2.714607e-09
1.0,8,36.5,0.999999997660,2.340252e-09
1.0,8,36.75,0.999999997982,2.017521e-09
1.0,8,37.0,0.999999998261,1.739297e-09
1.0,8,37.25,0.999999998501,1.499441e-09
1.0,8,37.5,0.999999998707,1.292661e-09
1.0,8,37.75,0.999999998886,1.114398e-09
1.0,8,38.0,0.999999999039,9.607180e-10
1.0,8,38.25,0.999999999172,8.282310e-10
1.0,8,38.5,0.999999999286,7.140145e-10
1.0,8,38.75,0.999999999384,6.155490e-10
1.0,8,39.0,0.999999999469,5.306622e-10
1.0,8,39.25,0.999999999543,4.574817e-10
1.0,8,39.5,0.999999999606,3.943931e-10
1.0,8,39.75,0.999999999660,3.400046e-10
1.0,8,40.0,0.999999999707,2.931166e-10
1.0,10,0.0,0.000016935088,9.999831e-01
1.0,10,0.05,0.000017520743,9.999825e-01
1.0,10,0.1,0.000019425977,9.999806e-01
1.0,10,0.15,0.000023049436,9.999770e-01
1.0,10,0.2,0.000029107805,9.999709e-01
1.0,10,0.25,0.000038788904,9.999612e-01
1.0,10,0.3,0.000053982206,9.999460e-01
1.0,10,0.35,0.000077609860,9.999224e-01
1.0,10,0.4,0.000114079590,9.998859e-01
1.0,10,0.45,0.000169872511,9.998301e-01
1.0,10,0.5,0.000254261628,9.997457e-01
1.0,10,0.55,0.000380130088,9.996199e-01
1.0,10,0.6,0.000564824768,9.994352e-01
1.0,10,0.65,0.000830946696,9.991691e-01
1.0,10,0.7,0.001206953840,9.987930e-01
1.0,10,0.75,0.001727443090,9.982726e-01
1.0,10,0.8,0.002432993135,9.975670e-01
1.0,10,0.85,0.003369489753,9.966305e-01
1.0,10,0.9,0.004586914735,9.954131e-01
1.0,10,0.95,0.006137649104,9.938624e-01
1.0,10,1.0,0.008074407429,9.919256e-01
1.0,10,1.05,0.010447970608,9.895520e-01
1.0,10,1.1,0.013304910749,9.866951e-01
1.0,10,1.15,0.016685500449,9.833145e-01
1.0,10,1.2,0.020621972044,9.793780e-01
1.0,10,1.25,0.025137247078,9.748628e-01
1.0,10,1.3,0.030244201119,9.697558e-01
1.0,10,1.35,0.035945473393,9.640545e-01
1.0,10,1.4,0.042233782030,9.577662e-01
1.0,10,1.45,0.049092668978,9.509073e-01
1.0,10,1.5,0.056497575912,9.435024e-01
1.0,10,1.55,0.064417143565,9.355829e-01
1.0,10,1.6,0.072814629493,9.271854e-01
1.0,10,1.65,0.081649350631,9.183506e-01
1.0,10,1.7,0.090878073481,9.091219e-01
1.0,10,1.75,0.100456293784,8.995437e-01
1.0,10,1.8,0.110339366312,8.896606e-01
1.0,10,1.85,0.120483462621,8.795165e-01
1.0,10,1.9,0.130846349003,8.691537e-01
1.0,10,1.95,0.141387988164,8.586120e-01
1.0,10,2.0,0.152070976311,8.479290e-01
1.0,10,2.25,0.206507857545,7.934921e-01
1.0,10,2.5,0.260594127393,7.394059e-01
1.0,10,2.75,0.312765493988,6.872345e-01
1.0,10,3.0,0.362481331313,6.375187e-01
1.0,10,3.25,0.409700305214,5.902997e-01
1.0,10,3.5,0.454556876061,5.454431e-01
1.0,10,3.75,0.497201922955,5.027981e-01
1.0,10,4.0,0.537742436251,4.622576e-01
1.0,10,4.25,0.576231518414,4.237685e-01
1.0,10,4.5,0.612679788629,3.873202e-01
1.0,10,4.75,0.647073077393,3.529269e-01
1.0,10,5.0,0.679389312317,3.206107e-01
1.0,10,5.25,0.709611765789,2.903882e-01
1.0,10,5.5,0.737737982063,2.622620e-01
1.0,10,5.75,0.763784712347,2.362153e-01
1.0,10,6.0,0.787789602685,2.122104e-01
1.0,10,6.25,0.809810486576,1.901895e-01
1.0,10,6.5,0.829923084759,1.700769e-01
1.0,10,6.75,0.848217791967,1.517822e-01
1.0,10,7.0,0.864796082591,1.352039e-01
1.0,10,7.25,0.879766921343,1.202331e-01
1.0,10,7.5,0.893243435959,1.067566e-01
1.0,10,7.75,0.905340003353,9.466000e-02
1.0,10,8.0,0.916169819821,8.383018e-02
1.0,10,8.25,0.925842968032,7.415703e-02
1.0,10,8.5,0.934464955290,6.553504e-02
1.0,10,8.75,0.942135674805,5.786433e-02
1.0,10,9.0,0.948948730551,5.105127e-02
1.0,10,9.25,0.954991063304,4.500894e-02
1.0,10,9.5,0.960342817726,3.965718e-02
1.0,10,9.75,0.965077395835,3.492260e-02
1.0,10,10.0,0.969261649201,3.073835e-02
1.0,10,10.25,0.972956169682,2.704383e-02
1.0,10,10.5,0.976215645832,2.378435e-02
1.0,10,10.75,0.979089258743,2.091074e-02
1.0,10,11.0,0.981621096972,1.837890e-02
1.0,10,11.25,0.983850575148,1.614942e-02
1.0,10,11.5,0.985812844995,1.418716e-02
1.0,10,11.75,0.987539190821,1.246081e-02
1.0,10,12.0,0.989057404187,1.094260e-02
1.0,10,12.25,0.990392134470,9.607866e-03
1.0,10,12.5,0.991565213652,8.434786e-03
1.0,10,12.75,0.992595954770,7.404045e-03
1.0,10,13.0,0.993501424331,6.498576e-03
1.0,10,13.25,0.994296689554,5.703310e-03
1.0,10,13.5,0.994995041714,5.004958e-03
1.0,10,13.75,0.995608197086,4.391803e-03
1.0,10,14.0,0.996146477105,3.853523e-03
1.0,10,14.25,0.996618969436,3.381031e-03
1.0,10,14.5,0.997033671608,2.966328e-03
1.0,10,14.75,0.997397618815,2.602381e-03
1.0,10,15.0,0.997716997432,2.283003e-03
1.0,10,15.25,0.997997245666,2.002754e-03
1.0,10,15.5,0.998243142683,1.756857e-03
1.0,10,15.75,0.998458887429,1.541113e-03
1.0,10,16.0,0.998648168271,1.351832e-03
1.0,10,16.25,0.998814224463,1.185776e-03
1.0,10,16.5,0.998959900353,1.040100e-03
1.0,10,16.75,0.999087693162,9.123068e-04
1.0,10,17.0,0.999199795066,8.002049e-04
1.0,10,17.25,0.999298130239,7.018698e-04
1.0,10,17.5,0.999384387451,6.156125e-04
1.0,10,17.75,0.999460048742,5.399513e-04
1.0,10,18.0,0.999526414622,4.735854e-04
1.0,10,18.25,0.999584626239,4.153738e-04
1.0,10,18.5,0.999635684840,3.643152e-04
1.0,10,18.75,0.999680468885,3.195311e-04
1.0,10,19.0,0.999719749062,2.802509e-04
1.0,10,19.25,0.999754201490,2.457985e-04
1.0,10,19.5,0.999784419297,2.155807e-04
1.0,10,19.75,0.999810922793,1.890772e-04
1.0,10,20.0,0.999834168399,1.658316e-04
1.0,10,20.25,0.999854556481,1.454435e-04
1.0,10,20.5,0.999872438227,1.275618e-04
1.0,10,20.75,0.999888121683,1.118783e-04
1.0,10,21.0,0.999901877049,9.812295e-05
1.0,10,21.25,0.999913941322,8.605868e-05
1.0,10,21.5,0.999924522380,7.547762e-05
1.0,10,21.75,0.999933802550,6.619745e-05
1.0,10,22.0,0.999941941755,5.805825e-05
1.0,10,22.25,0.999949080259,5.091974e-05
1.0,10,22.5,0.999955341086,4.465891e-05
1.0,10,22.75,0.999960832140,3.916786e-05
1.0,10,23.0,0.999965648058,3.435194e-05
1.0,10,23.25,0.999969871846,3.012815e-05
1.0,10,23.5,0.999973576304,2.642370e-05
1.0,10,23.75,0.999976825283,2.317472e-05
1.0,10,24.0,0.999979674784,2.032522e-05
1.0,10,24.25,0.999982173923,1.782608e-05
1.0,10,24.5,0.999984365778,1.563422e-05
1.0,10,24.75,0.999986288131,1.371187e-05
1.0,10,25.0,0.999987974117,1.202588e-05
1.0,10,25.25,0.999989452799,1.054720e-05
1.0,10,25.5,0.999990749667,9.250333e-06
1.0,10,25.75,0.999991887074,8.112926e-06
1.0,10,26.0,0.999992884629,7.115371e-06
1.0,10,26.25,0.999993759526,6.240474e-06
1.0,10,26.5,0.999994526847,5.473153e-06
1.0,10,26.75,0.999995199820,4.800180e-06
1.0,10,27.0,0.999995790045,4.209955e-06
1.0,10,27.25,0.999996307697,3.692303e-06
1.0,10,27.5,0.999996761699,3.238301e-06
1.0,10,27.75,0.999997159878,2.840122e-06
1.0,10,28.0,0.999997509097,2.490903e-06
1.0,10,28.25,0.999997815376,2.184624e-06
1.0,10,28.5,0.999998083996,1.916004e-06
1.0,10,28.75,0.999998319586,1.680414e-06
1.0,10,29.0,0.999998526209,1.473791e-06
1.0,10,29.25,0.999998707425,1.292575e-06
1.0,10,29.5,0.999998866359,1.133641e-06
1.0,10,29.75,0.999999005751,9.942493e-07
1.0,10,30.0,0.999999128003,8.719971e-07
1.0,10,30.25,0.999999235223,7.647769e-07
1.0,10,30.5,0.999999329260,6.707405e-07
1.0,10,30.75,0.999999411733,5.882667e-07
1.0,10,31.0,0.999999484066,5.159338e-07
1.0,10,31.25,0.999999547505,4.524949e-07
1.0,10,31.5,0.999999603144,3.968564e-07
1.0,10,31.75,0.999999651941,3.480592e-07
1.0,10,32.0,0.999999694738,3.052621e-07
1.0,10,32.25,0.999999732273,2.677272e-07
1.0,10,32.5,0.999999765192,2.348077e-07
1.0,10,32.75,0.999999794064,2.059359e-07
1.0,10,33.0,0.999999819386,1.806141e-07
1.0,10,33.25,0.999999841594,1.584059e-07
1.0,10,33.5,0.999999861072,1.389284e-07
1.0,10,33.75,0.999999878154,1.218459e-07
1.0,10,34.0,0.999999893136,1.068638e-07
1.0,10,34.25,0.999999906276,9.372387e-08
1.0,10,34.5,0.999999917800,8.219964e-08
1.0,10,34.75,0.999999927908,7.209242e-08
1.0,10,35.0,0.999999936772,6.322798e-08
1.0,10,35.25,0.999999944546,5.545351e-08
1.0,10,35.5,0.999999951365,4.863498e-08
1.0,10,35.75,0.999999957345,4.265485e-08
1.0,10,36.0,0.999999962590,3.741004e-08
1.0,10,36.25,0.999999967190,3.281012e-08
1.0,10,36.5,0.999999971224,2.877581e-08
1.0,10,36.75,0.999999974762,2.523755e-08
1.0,10,37.0,0.999999977866,2.213436e-08
1.0,10,37.25,0.999999980587,1.941273e-08
1.0,10,37.5,0.999999982974,1.702575e-08
1.0,10,37.75,0.999999985068,1.493228e-08
1.0,10,38.0,0.999999986904,1.309621e-08
1.0,10,38.25,0.999999988514,1.148591e-08
1.0,10,38.5,0.999999989926,1.007361e-08
1.0,10,38.75,0.999999991165,8.834966e-09
1.0,10,39.0,0.999999992251,7.748624e-09
1.0,10,39.25,0.999999993204,6.795858e-09
1.0,10,39.5,0.999999994040,5.960243e-09
1.0,10,39.75,0.999999994773,5.227375e-09
1.0,10,40.0,0.999999995415,4.584620e-09
1.0,12,0.0,0.000001881676,9.999981e-01
1.0,12,0.05,0.000001960031,9.999980e-01
1.0,12,0.1,0.000002218500,9.999978e-01
1.0,12,0.15,0.000002723907,9.999973e-01
1.0,12,0.2,0.000003604204,9.999964e-01
1.0,12,0.25,0.000005086682,9.999949e-01
1.0,12,0.3,0.000007562000,9.999924e-01
1.0,12,0.35,0.000011686760,9.999883e-01
1.0,12,0.4,0.000018540766,9.999815e-01
1.0,12,0.45,0.000029856952,9.999701e-01
1.0,12,0.5,0.000048340663,9.999517e-01
1.0,12,0.55,0.000078088445,9.999219e-01
1.0,12,0.6,0.000125103718,9.998749e-01
1.0,12,0.65,0.000197887863,9.998021e-01
1.0,12,0.7,0.000308062898,9.996919e-01
1.0,12,0.75,0.000470960468,9.995290e-01
1.0,12,0.8,0.000706096713,9.992939e-01
1.0,12,0.85,0.001037448843,9.989626e-01
1.0,12,0.9,0.001493459543,9.985065e-01
1.0,12,0.95,0.002106719503,9.978933e-01
1.0,12,1.0,0.002913312813,9.970867e-01
1.0,12,1.05,0.003951848774,9.960482e-01
1.0,12,1.1,0.005262240210,9.947378e-01
1.0,12,1.15,0.006884316706,9.931157e-01
1.0,12,1.2,0.008856377231,9.911436e-01
1.0,12,1.25,0.011213789180,9.887862e-01
1.0,12,1.3,0.013987730748,9.860123e-01
1.0,12,1.35,0.017204153914,9.827958e-01
1.0,12,1.4,0.020883019810,9.791170e-01
1.0,12,1.45,0.025037831135,9.749622e-01
1.0,12,1.5,0.029675460753,9.703245e-01
1.0,12,1.55,0.034796254443,9.652037e-01
1.0,12,1.6,0.040394370134,9.596056e-01
1.0,12,1.65,0.046458306368,9.535417e-01
1.0,12,1.7,0.052971568773,9.470284e-01
1.0,12,1.75,0.059913424009,9.400866e-01
1.0,12,1.8,0.067259694885,9.327403e-01
1.0,12,1.85,0.074983556822,9.250164e-01
1.0,12,1.9,0.083056303565,9.169437e-01
1.0,12,1.95,0.091448057980,9.085519e-01
1.0,12,2.0,0.100128411388,8.998716e-01
1.0,12,2.25,0.146820838131,8.531792e-01
1.0,12,2.5,0.196605390813,8.033946e-01
1.0,12,2.75,0.247029049351,7.529710e-01
1.0,12,3.0,0.296612030989,7.033880e-01
1.0,12,3.25,0.344587103472,6.554129e-01
1.0,12,3.5,0.390618798995,6.093812e-01
1.0,12,3.75,0.434597421767,5.654026e-01
1.0,12,4.0,0.476513234701,5.234868e-01
1.0,12,4.25,0.516389524948,4.836105e-01
1.0,12,4.5,0.554252323811,4.457477e-01
1.0,12,4.75,0.590120513138,4.098795e-01
1.0,12,5.0,0.624006011749,3.759940e-01
1.0,12,5.25,0.655918054290,3.440819e-01
1.0,12,5.5,0.685868335087,3.141317e-01
1.0,12,5.75,0.713875442359,2.861246e-01
1.0,12,6.0,0.739967955334,2.600320e-01
1.0,12,6.25,0.764186095659,2.358139e-01
1.0,12,6.5,0.786582088705,2.134179e-01
1.0,12,6.75,0.807219504906,1.927805e-01
1.0,12,7.0,0.826171879426,1.738281e-01
1.0,12,7.25,0.843520888985,1.564791e-01
1.0,12,7.5,0.859354321548,1.406457e-01
1.0,12,7.75,0.873764022897,1.262360e-01
1.0,12,8.0,0.886843952714,1.131560e-01
1.0,12,8.25,0.898688436994,1.013116e-01
1.0,12,8.5,0.909390665601,9.060933e-02
1.0,12,8.75,0.919041454290,8.095855e-02
1.0,12,9.0,0.927728269075,7.227173e-02
1.0,12,9.25,0.935534496362,6.446550e-02
1.0,12,9.5,0.942538933497,5.746107e-02
1.0,12,9.75,0.948815469996,5.118453e-02
1.0,12,10.0,0.954432928546,4.556707e-02
1.0,12,10.25,0.959455035823,4.054496e-02
1.0,12,10.5,0.963940495540,3.605950e-02
1.0,12,10.75,0.967943139226,3.205686e-02
1.0,12,11.0,0.971512133643,2.848787e-02
1.0,12,11.25,0.974692227131,2.530777e-02
1.0,12,11.5,0.977524020393,2.247598e-02
1.0,12,11.75,0.980044250120,1.995575e-02
1.0,12,12.0,0.982286076390,1.771392e-02
1.0,12,12.25,0.984279366951,1.572063e-02
1.0,12,12.5,0.986050973308,1.394903e-02
1.0,12,12.75,0.987624995013,1.237500e-02
1.0,12,13.0,0.989023029754,1.097697e-02
1.0,12,13.25,0.990264407774,9.735592e-03
1.0,12,13.5,0.991366409907,8.633590e-03
1.0,12,13.75,0.992344469028,7.655531e-03
1.0,12,14.0,0.993212355167,6.787645e-03
1.0,12,14.25,0.993982344808,6.017655e-03
1.0,12,14.5,0.994665375096,5.334625e-03
1.0,12,14.75,0.995271183817,4.728816e-03
1.0,12,15.0,0.995808436080,4.191564e-03
1.0,12,15.25,0.996284838663,3.715161e-03
1.0,12,15.5,0.996707243002,3.292757e-03
1.0,12,15.75,0.997081737755,2.918262e-03
1.0,12,16.0,0.997413731866,2.586268e-03
1.0,12,16.25,0.997708028974,2.291971e-03
1.0,12,16.5,0.997968894009,2.031106e-03
1.0,12,16.75,0.998200112693,1.799887e-03
1.0,12,17.0,0.998405044675,1.594955e-03
1.0,12,17.25,0.998586670926,1.413329e-03
1.0,12,17.5,0.998747635976,1.252364e-03
1.0,12,17.75,0.998890285543,1.109714e-03
1.0,12,18.0,0.999016700025,9.833000e-04
1.0,12,18.25,0.999128724296,8.712757e-04
1.0,12,18.5,0.999227994200,7.720058e-04
1.0,12,18.75,0.999315960104,6.840399e-04
1.0,12,19.0,0.999393907828,6.060922e-04
1.0,12,19.25,0.999462977224,5.370228e-04
1.0,12,19.5,0.999524178690,4.758213e-04
1.0,12,19.75,0.999578407818,4.215922e-04
1.0,12,20.0,0.999626458402,3.735416e-04
1.0,12,20.25,0.999669033974,3.309660e-04
1.0,12,20.5,0.999706758047,2.932420e-04
1.0,12,20.75,0.999740183197,2.598168e-04
1.0,12,21.0,0.999769799115,2.302009e-04
1.0,12,21.25,0.999796039757,2.039602e-04
1.0,12,21.5,0.999819289674,1.807103e-04
1.0,12,21.75,0.999839889630,1.601104e-04
1.0,12,22.0,0.999858141585,1.418584e-04
1.0,12,22.25,0.999874313107,1.256869e-04
1.0,12,22.5,0.999888641285,1.113587e-04
1.0,12,22.75,0.999901336199,9.866380e-05
1.0,12,23.0,0.999912583996,8.741600e-05
1.0,12,23.25,0.999922549613,7.745039e-05
1.0,12,23.5,0.999931379193,6.862081e-05
1.0,12,23.75,0.999939202224,6.079778e-05
1.0,12,24.0,0.999946133441,5.386656e-05
1.0,12,24.25,0.999952274499,4.772550e-05
1.0,12,24.5,0.999957715471,4.228453e-05
1.0,12,24.75,0.999962536161,3.746384e-05
1.0,12,25.0,0.999966807279,3.319272e-05
1.0,12,25.25,0.999970591473,2.940853e-05
1.0,12,25.5,0.999973944254,2.605575e-05
1.0,12,25.75,0.999976914801,2.308520e-05
1.0,12,26.0,0.999979546689,2.045331e-05
1.0,12,26.25,0.999981878527,1.812147e-05
1.0,12,26.5,0.999983944520,1.605548e-05
1.0,12,26.75,0.999985774977,1.422502e-05
1.0,12,27.0,0.999987396748,1.260325e-05
1.0,12,27.25,0.999988833626,1.116637e-05
1.0,12,27.5,0.999990106689,9.893311e-06
1.0,12,27.75,0.999991234613,8.765387e-06
1.0,12,28.0,0.999992233944,7.766056e-06
1.0,12,28.25,0.999993119344,6.880656e-06
1.0,12,28.5,0.999993903800,6.096200e-06
1.0,12,28.75,0.999994598822,5.401178e-06
1.0,12,29.0,0.999995214606,4.785394e-06
1.0,12,29.25,0.999995760185,4.239815e-06
1.0,12,29.5,0.999996243563,3.756437e-06
1.0,12,29.75,0.999996671831,3.328169e-06
1.0,12,30.0,0.999997051273,2.948727e-06
1.0,12,30.25,0.999997387456,2.612544e-06
1.0,12,30.5,0.999997685310,2.314690e-06
1.0,12,30.75,0.999997949206,2.050794e-06
1.0,12,31.0,0.999998183016,1.816984e-06
1.0,12,31.25,0.999998390169,1.609831e-06
1.0,12,31.5,0.999998573705,1.426295e-06
1.0,12,31.75,0.999998736316,1.263684e-06
1.0,12,32.0,0.999998880388,1.119612e-06
1.0,12,32.25,0.999999008035,9.919655e-07
1.0,12,32.5,0.999999121128,8.788720e-07
1.0,12,32.75,0.999999221328,7.786723e-07
1.0,12,33.0,0.999999310104,6.898963e-07
1.0,12,33.25,0.999999388758,6.112415e-07
1.0,12,33.5,0.999999458446,5.415542e-07
1.0,12,33.75,0.999999520188,4.798118e-07
1.0,12,34.0,0.999999574891,4.251087e-07
1.0,12,34.25,0.999999623358,3.766423e-07
1.0,12,34.5,0.999999666299,3.337015e-07
1.0,12,34.75,0.999999704344,2.956563e-07
1.0,12,35.0,0.999999738051,2.619487e-07
1.0,12,35.25,0.999999767916,2.320840e-07
1.0,12,35.5,0.999999794376,2.056242e-07
1.0,12,35.75,0.999999817819,1.821811e-07
1.0,12,36.0,0.999999838589,1.614107e-07
1.0,12,36.25,0.999999856992,1.430084e-07
1.0,12,36.5,0.999999873296,1.267040e-07
1.0,12,36.75,0.999999887741,1.122586e-07
1.0,12,37.0,0.999999900540,9.946003e-08
1.0,12,37.25,0.999999911879,8.812064e-08
1.0,12,37.5,0.999999921926,7.807404e-08
1.0,12,37.75,0.999999930827,6.917285e-08
1.0,12,38.0,0.999999938714,6.128649e-08
1.0,12,38.25,0.999999945701,5.429924e-08
1.0,12,38.5,0.999999951891,4.810861e-08
1.0,12,38.75,0.999999957376,4.262377e-08
1.0,12,39.0,0.999999962236,3.776425e-08
1.0,12,39.25,0.999999966541,3.345877e-08
1.0,12,39.5,0.999999970356,2.964415e-08
1.0,12,39.75,0.999999973736,2.626443e-08
1.0,12,40.0,0.999999976730,2.327004e-08
0.5,4,0.0,0.062500000000,9.375000e-01
0.5,4,0.05,0.062620185202,9.373798e-01
0.5,4,0.1,0.062993288385,9.370067e-01
0.5,4,0.15,0.063639418431,9.363606e-01
0.5,4,0.2,0.064580441148,9.354196e-01
0.5,4,0.25,0.065839990062,9.341600e-01
0.5,4,0.3,0.067443421838,9.325566e-01
0.5,4,0.35,0.069417707823,9.305823e-01
0.5,4,0.4,0.071791254598,9.282087e-01
0.5,4,0.45,0.074593648474,9.254064e-01
0.5,4,0.5,0.077855321543,9.221447e-01
0.5,4,0.55,0.081607140089,9.183929e-01
0.5,4,0.6,0.085879919816,9.141201e-01
0.5,4,0.65,0.090703876194,9.092961e-01
0.5,4,0.7,0.096108022135,9.038920e-01
0.5,4,0.75,0.102119528833,8.978805e-01
0.5,4,0.8,0.108763068731,8.912369e-01
0.5,4,0.85,0.116060161949,8.839398e-01
0.5,4,0.9,0.124028548825,8.759715e-01
0.5,4,0.95,0.132681611502,8.673184e-01
0.5,4,1.0,0.142027866409,8.579721e-01
0.5,4,1.05,0.152070547357,8.479295e-01
0.5,4,1.1,0.162807295582,8.371927e-01
0.5,4,1.15,0.174229968941,8.257700e-01
0.5,4,1.2,0.186324577591,8.136754e-01
0.5,4,1.25,0.199071348359,8.009287e-01
0.5,4,1.3,0.212444914855,7.875551e-01
0.5,4,1.35,0.226414625582,7.735854e-01
0.5,4,1.4,0.240944958035,7.590550e-01
0.5,4,1.45,0.255996023379,7.440040e-01
0.5,4,1.5,0.271524143794,7.284759e-01
0.5,4,1.55,0.287482483092,7.125175e-01
0.5,4,1.6,0.303821710740,6.961783e-01
0.5,4,1.65,0.320490679813,6.795093e-01
0.5,4,1.7,0.337437100683,6.625629e-01
0.5,4,1.75,0.354608194037,6.453918e-01
0.5,4,1.8,0.371951309197,6.280487e-01
0.5,4,1.85,0.389414496248,6.105855e-01
0.5,4,1.9,0.406947023247,5.930530e-01
0.5,4,1.95,0.424499832402,5.755002e-01
0.5,4,2.0,0.442025931690,5.579741e-01
0.5,4,2.25,0.527791337049,4.722087e-01
0.5,4,2.5,0.607424690351,3.925753e-01
0.5,4,2.75,0.678289824532,3.217102e-01
0.5,4,3.0,0.739348530072,2.606515e-01
0.5,4,3.25,0.790691253119,2.093087e-01
0.5,4,3.5,0.833079119106,1.669209e-01
0.5,4,3.75,0.867593499830,1.324065e-01
0.5,4,4.0,0.895404904717,1.045951e-01
0.5,4,4.25,0.917638375620,8.236162e-02
0.5,4,4.5,0.935305867836,6.469413e-02
0.5,4,4.75,0.949280611275,5.071939e-02
0.5,4,5.0,0.960295520612,3.970448e-02
0.5,4,5.25,0.968953977087,3.104602e-02
0.5,4,5.5,0.975745897292,2.425410e-02
0.5,4,5.75,0.981065067390,1.893493e-02
0.5,4,6.0,0.985225639490,1.477436e-02
0.5,4,6.25,0.988476828753,1.152317e-02
0.5,4,6.5,0.991015495784,8.984504e-03
0.5,4,6.75,0.992996641441,7.003359e-03
0.5,4,7.0,0.994542005037,5.457995e-03
0.5,4,7.25,0.995747019631,4.252980e-03
0.5,4,7.5,0.996686386518,3.313613e-03
0.5,4,7.75,0.997418512581,2.581487e-03
0.5,4,8.0,0.997989024417,2.010976e-03
0.5,4,8.25,0.998433540574,1.566459e-03
0.5,4,8.5,0.998779852092,1.220148e-03
0.5,4,8.75,0.999049633769,9.503662e-04
0.5,4,9.0,0.999259784836,7.402152e-04
0.5,4,9.25,0.999423477878,5.765221e-04
0.5,4,9.5,0.999550978661,4.490213e-04
0.5,4,9.75,0.999650286388,3.497136e-04
0.5,4,10.0,0.999727633399,2.723666e-04
0.5,4,10.25,0.999787874997,2.121250e-04
0.5,4,10.5,0.999834793436,1.652066e-04
0.5,4,10.75,0.999871334908,1.286651e-04
0.5,4,11.0,0.999899794258,1.002057e-04
0.5,4,11.25,0.999921958921,7.804108e-05
0.5,4,11.5,0.999939221080,6.077892e-05
0.5,4,11.75,0.999952665047,4.733495e-05
0.5,4,12.0,0.999963135330,3.686467e-05
0.5,4,12.25,0.999971289662,2.871034e-05
0.5,4,12.5,0.999977640303,2.235970e-05
0.5,4,12.75,0.999982586212,1.741379e-05
0.5,4,13.0,0.999986438105,1.356189e-05
0.5,4,13.25,0.999989437972,1.056203e-05
0.5,4,13.5,0.999991774276,8.225724e-06
0.5,4,13.75,0.999993593794,6.406206e-06
0.5,4,14.0,0.999995010839,4.989161e-06
0.5,4,14.25,0.999996114435,3.885565e-06
0.5,4,14.5,0.999996973918,3.026082e-06
0.5,4,14.75,0.999997643284,2.356716e-06
0.5,4,15.0,0.999998164588,1.835412e-06
0.5,4,15.25,0.999998570579,1.429421e-06
0.5,4,15.5,0.999998886766,1.113234e-06
0.5,4,15.75,0.999999133012,8.669878e-07
0.5,4,16.0,0.999999324789,6.752108e-07
0.5,4,16.25,0.999999474145,5.258548e-07
0.5,4,16.5,0.999999590464,4.095361e-07
0.5,4,16.75,0.999999681053,3.189471e-07
0.5,4,17.0,0.999999751604,2.483962e-07
0.5,4,17.25,0.999999806549,1.934512e-07
0.5,4,17.5,0.999999849340,1.506599e-07
0.5,4,17.75,0.999999882666,1.173341e-07
0.5,4,18.0,0.999999908620,9.137987e-08
0.5,4,18.25,0.999999928833,7.116672e-08
0.5,4,18.5,0.999999944575,5.542470e-08
0.5,4,18.75,0.999999956835,4.316480e-08
0.5,4,19.0,0.999999966383,3.361678e-08
0.5,4,19.25,0.999999973819,2.618077e-08
0.5,4,19.5,0.999999979610,2.038961e-08
0.5,4,19.75,0.999999984121,1.587944e-08
0.5,4,20.0,0.999999987633,1.236692e-08
0.5,4,20.25,0.999999990369,9.631368e-09
0.5,4,20.5,0.999999992499,7.500917e-09
0.5,4,20.75,0.999999994158,5.841720e-09
0.5,4,21.0,0.999999995450,4.549536e-09
0.5,4,21.25,0.999999996457,3.543182e-09
0.5,4,21.5,0.999999997241,2.759433e-09
0.5,4,21.75,0.999999997851,2.149049e-09
0.5,4,22.0,0.999999998326,1.673681e-09
0.5,4,22.25,0.999999998697,1.303464e-09
0.5,4,22.5,0.999999998985,1.015139e-09
0.5,4,22.75,0.999999999209,7.905909e-10
0.5,4,23.0,0.999999999384,6.157128e-10
0.5,4,23.25,0.999999999520,4.795176e-10
0.5,4,23.5,0.999999999627,3.734487e-10
0.5,4,23.75,0.999999999709,2.908421e-10
0.5,4,24.0,0.999999999773,2.265081e-10
0.5,4,24.25,0.999999999824,1.764047e-10
0.5,4,24.5,0.999999999863,1.373841e-10
0.5,4,24.75,0.999999999893,1.069948e-10
0.5,4,25.0,0.999999999917,8.332766e-11
0.5,4,25.25,0.999999999935,6.489565e-11
0.5,4,25.5,0.999999999949,5.054078e-11
0.5,4,25.75,0.999999999961,3.936120e-11
0.5,4,26.0,0.999999999969,3.065453e-11
0.5,4,26.25,0.999999999976,2.387378e-11
0.5,4,26.5,0.999999999981,1.859291e-11
0.5,4,26.75,0.999999999986,1.448018e-11
0.5,4,27.0,0.999999999989,1.127717e-11
0.5,4,27.25,0.999999999991,8.782671e-12
0.5,4,27.5,0.999999999993,6.839951e-12
0.5,4,27.75,0.999999999995,5.326959e-12
0.5,4,28.0,0.999999999996,4.148640e-12
0.5,4,28.25,0.999999999997,3.230964e-12
0.5,4,28.5,0.999999999997,2.516277e-12
0.5,4,28.75,0.999999999998,1.959679e-12
0.5,4,29.0,0.999999999998,1.526199e-12
0.5,4,29.25,0.999999999999,1.188605e-12
0.5,4,29.5,0.999999999999,9.256867e-13
0.5,4,29.75,0.999999999999,7.209255e-13
0.5,4,30.0,0.999999999999,5.614574e-13
0.5,4,30.25,1.000000000000,4.372634e-13
0.5,4,30.5,1.000000000000,3.405411e-13
0.5,4,30.75,1.000000000000,2.652137e-13
0.5,4,31.0,1.000000000000,2.065486e-13
0.5,4,31.25,1.000000000000,1.608602e-13
0.5,4,31.5,1.000000000000,1.252781e-13
0.5,4,31.75,1.000000000000,9.756666e-14
0.5,4,32.0,1.000000000000,7.598499e-14
0.5,4,32.25,1.000000000000,5.917717e-14
0.5,4,32.5,1.000000000000,4.608723e-14
0.5,4,32.75,1.000000000000,3.589277e-14
0.5,4,33.0,1.000000000000,2.795332e-14
0.5,4,33.25,1.000000000000,2.177007e-14
0.5,4,33.5,1.000000000000,1.695454e-14
0.5,4,33.75,1.000000000000,1.320421e-14
0.5,4,34.0,1.000000000000,1.028345e-14
0.5,4,34.25,1.000000000000,8.008759e-15
0.5,4,34.5,1.000000000000,6.237228e-15
0.5,4,34.75,1.000000000000,4.857558e-15
0.5,4,35.0,1.000000000000,3.783070e-15
0.5,4,35.25,1.000000000000,2.946258e-15
0.5,4,35.5,1.000000000000,2.294548e-15
0.5,4,35.75,1.000000000000,1.786996e-15
0.5,4,36.0,1.000000000000,1.391714e-15
0.5,4,36.25,1.000000000000,1.083868e-15
0.5,4,36.5,1.000000000000,8.441170e-16
0.5,4,36.75,1.000000000000,6.573990e-16
0.5,4,37.0,1.000000000000,5.119829e-16
0.5,4,37.25,1.000000000000,3.987327e-16
0.5,4,37.5,1.000000000000,3.105333e-16
0.5,4,37.75,1.000000000000,2.418436e-16
0.5,4,38.0,1.000000000000,1.883480e-16
0.5,4,38.25,1.000000000000,1.466855e-16
0.5,4,38.5,1.000000000000,1.142388e-16
0.5,4,38.75,1.000000000000,8.896928e-17
0.5,4,39.0,1.000000000000,6.928935e-17
0.5,4,39.25,1.000000000000,5.396260e-17
0.5,4,39.5,1.000000000000,4.202611e-17
0.5,4,39.75,1.000000000000,3.272997e-17
0.5,4,40.0,1.000000000000,2.549013e-17
0.5,6,0.0,0.015625000000,9.843750e-01
0.5,6,0.05,0.015670066214,9.843299e-01
0.5,6,0.1,0.015809935330,9.841901e-01
0.5,6,0.15,0.016052064296,9.839479e-01
0.5,6,0.2,0.016404569025,9.835954e-01
0.5,6,0.25,0.016876298269,9.831237e-01
0.5,6,0.3,0.017476906997,9.825231e-01
0.5,6,0.35,0.018216924758,9.817831e-01
0.5,6,0.4,0.019107813753,9.808922e-01
0.5,6,0.45,0.020162010850,9.798380e-01
0.5,6,0.5,0.021392947607,9.786071e-01
0.5,6,0.55,0.022815042644,9.771850e-01
0.5,6,0.6,0.024443661383,9.755563e-01
0.5,6,0.65,0.026295039317,9.737050e-01
0.5,6,0.7,0.028386166466,9.716138e-01
0.5,6,0.75,0.030734632475,9.692654e-01
0.5,6,0.8,0.033358433748,9.666416e-01
0.5,6,0.85,0.036275746026,9.637243e-01
0.5,6,0.9,0.039504667637,9.604953e-01
0.5,6,0.95,0.043062940311,9.569371e-01
0.5,6,1.0,0.046967655668,9.530323e-01
0.5,6,1.05,0.051234956340,9.487650e-01
0.5,6,1.1,0.055879740999,9.441203e-01
0.5,6,1.15,0.060915382471,9.390846e-01
0.5,6,1.2,0.066353467494,9.336465e-01
0.5,6,1.25,0.072203565738,9.277964e-01
0.5,6,1.3,0.078473034421,9.215270e-01
0.5,6,1.35,0.085166863380,9.148331e-01
0.5,6,1.4,0.092287563845,9.077124e-01
0.5,6,1.45,0.099835102546,9.001649e-01
0.5,6,1.5,0.107806881233,8.921931e-01
0.5,6,1.55,0.116197760211,8.838022e-01
0.5,6,1.6,0.125000123291,8.749999e-01
0.5,6,1.65,0.134203980461,8.657960e-01
0.5,6,1.7,0.143797103832,8.562029e-01
0.5,6,1.75,0.153765191792,8.462348e-01
0.5,6,1.8,0.164092056037,8.359079e-01
0.5,6,1.85,0.174759825975,8.252402e-01
0.5,6,1.9,0.185749165130,8.142508e-01
0.5,6,1.95,0.197039494384,8.029605e-01
0.5,6,2.0,0.208609217281,7.913908e-01
0.5,6,2.25,0.269849139041,7.301509e-01
0.5,6,2.5,0.334613800300,6.653862e-01
0.5,6,2.75,0.400195946783,5.998041e-01
0.5,6,3.0,0.464372438982,5.356276e-01
0.5,6,3.25,0.525512172940,4.744878e-01
0.5,6,3.5,0.582545727202,4.174543e-01
0.5,6,3.75,0.634870231604,3.651298e-01
0.5,6,4.0,0.682238661379,3.177613e-01
0.5,6,4.25,0.724658623370,2.753414e-01
0.5,6,4.5,0.762309687691,2.376903e-01
0.5,6,4.75,0.795480013085,2.045200e-01
0.5,6,5.0,0.824519670275,1.754803e-01
0.5,6,5.25,0.849807270391,1.501927e-01
0.5,6,5.5,0.871726765060,1.282732e-01
0.5,6,5.75,0.890651853523,1.093481e-01
0.5,6,6.0,0.906936000992,9.306400e-02
0.5,6,6.25,0.920906545608,7.909345e-02
0.5,6,6.5,0.932861739843,6.713826e-02
0.5,6,6.75,0.943069853756,5.693015e-02
0.5,6,7.0,0.951769683076,4.823032e-02
0.5,6,7.25,0.959171971240,4.082803e-02
0.5,6,7.5,0.965461383435,3.453862e-02
0.5,6,7.75,0.970798770568,2.920123e-02
0.5,6,8.0,0.975323538130,2.467646e-02
0.5,6,8.25,0.979155993619,2.084401e-02
0.5,6,8.5,0.982399590244,1.760041e-02
0.5,6,8.75,0.985143017129,1.485698e-02
0.5,6,9.0,0.987462109568,1.253789e-02
0.5,6,9.25,0.989421569287,1.057843e-02
0.5,6,9.5,0.991076495713,8.923504e-03
0.5,6,9.75,0.992473736373,7.526264e-03
0.5,6,10.0,0.993653068836,6.346931e-03
0.5,6,10.25,0.994648228810,5.351771e-03
0.5,6,10.5,0.995487799864,4.512200e-03
0.5,6,10.75,0.996195980142,3.804020e-03
0.5,6,11.0,0.996793240730,3.206759e-03
0.5,6,11.25,0.997296889330,2.703111e-03
0.5,6,11.5,0.997721551644,2.278448e-03
0.5,6,11.75,0.998079581648,1.920418e-03
0.5,6,12.0,0.998381410618,1.618589e-03
0.5,6,12.25,0.998635843640,1.364156e-03
0.5,6,12.5,0.998850311164,1.149689e-03
0.5,6,12.75,0.999031082217,9.689178e-04
0.5,6,13.0,0.999183444942,8.165551e-04
0.5,6,13.25,0.999311859357,6.881406e-04
0.5,6,13.5,0.999420086531,5.799135e-04
0.5,6,13.75,0.999511297758,4.887022e-04
0.5,6,14.0,0.999588166783,4.118332e-04
0.5,6,14.25,0.999652947672,3.470523e-04
0.5,6,14.5,0.999707540564,2.924594e-04
0.5,6,14.75,0.999753547141,2.464529e-04
0.5,6,15.0,0.999792317448,2.076826e-04
0.5,6,15.25,0.999824989373,1.750106e-04
0.5,6,15.5,0.999852521960,1.474780e-04
0.5,6,15.75,0.999875723487,1.242765e-04
0.5,6,16.0,0.999895275158,1.047248e-04
0.5,6,16.25,0.999911751061,8.824894e-05
0.5,6,16.5,0.999925635008,7.436499e-05
0.5,6,16.75,0.999937334725,6.266527e-05
0.5,6,17.0,0.999947193809,5.280619e-05
0.5,6,17.25,0.999955501816,4.449818e-05
0.5,6,17.5,0.999962502754,3.749725e-05
0.5,6,17.75,0.999968402251,3.159775e-05
0.5,6,18.0,0.999973373588,2.662641e-05
0.5,6,18.25,0.999977562786,2.243721e-05
0.5,6,18.5,0.999981092896,1.890710e-05
0.5,6,18.75,0.999984067609,1.593239e-05
0.5,6,19.0,0.999986574305,1.342569e-05
0.5,6,19.25,0.999988686617,1.131338e-05
0.5,6,19.5,0.999990466594,9.533406e-06
0.5,6,19.75,0.999991966522,8.033478e-06
0.5,6,20.0,0.999993230461,6.769539e-06
0.5,6,20.25,0.999994295541,5.704459e-06
0.5,6,20.5,0.999995193047,4.806953e-06
0.5,6,20.75,0.999995949346,4.050654e-06
0.5,6,21.0,0.999996586653,3.413347e-06
0.5,6,21.25,0.999997123690,2.876310e-06
0.5,6,21.5,0.999997576232,2.423768e-06
0.5,6,21.75,0.999997957575,2.042425e-06
0.5,6,22.0,0.999998278919,1.721081e-06
0.5,6,22.25,0.999998549704,1.450296e-06
0.5,6,22.5,0.999998777886,1.222114e-06
0.5,6,22.75,0.999998970167,1.029833e-06
0.5,6,23.0,0.999999132195,8.678049e-07
0.5,6,23.25,0.999999268731,7.312691e-07
0.5,6,23.5,0.999999383785,6.162152e-07
0.5,6,23.75,0.999999480737,5.192632e-07
0.5,6,24.0,0.999999562435,4.375651e-07
0.5,6,24.25,0.999999631279,3.687209e-07
0.5,6,24.5,0.999999689292,3.107084e-07
0.5,6,24.75,0.999999738177,2.618232e-07
0.5,6,25.0,0.999999779371,2.206293e-07
0.5,6,25.25,0.999999814083,1.859167e-07
0.5,6,25.5,0.999999843334,1.566655e-07
0.5,6,25.75,0.999999867983,1.320166e-07
0.5,6,26.0,0.999999888754,1.112458e-07
0.5,6,26.25,0.999999906257,9.374300e-08
0.5,6,26.5,0.999999921006,7.899397e-08
0.5,6,26.75,0.999999933435,6.656548e-08
0.5,6,27.0,0.999999943908,5.609242e-08
0.5,6,27.25,0.999999952733,4.726714e-08
0.5,6,27.5,0.999999960170,3.983038e-08
0.5,6,27.75,0.999999966436,3.356368e-08
0.5,6,28.0,0.999999971717,2.828295e-08
0.5,6,28.25,0.999999976167,2.383306e-08
0.5,6,28.5,0.999999979917,2.008329e-08
0.5,6,28.75,0.999999983077,1.692349e-08
0.5,6,29.0,0.999999985739,1.426084e-08
0.5,6,29.25,0.999999987983,1.201712e-08
0.5,6,29.5,0.999999989874,1.012641e-08
0.5,6,29.75,0.999999991467,8.533173e-09
0.5,6,30.0,0.999999992809,7.190609e-09
0.5,6,30.25,0.999999993941,6.059277e-09
0.5,6,30.5,0.999999994894,5.105942e-09
0.5,6,30.75,0.999999995697,4.302600e-09
0.5,6,31.0,0.999999996374,3.625652e-09
0.5,6,31.25,0.999999996945,3.055211e-09
0.5,6,31.5,0.999999997425,2.574521e-09
0.5,6,31.75,0.999999997831,2.169459e-09
0.5,6,32.0,0.999999998172,1.828128e-09
0.5,6,32.25,0.999999998459,1.540500e-09
0.5,6,32.5,0.999999998702,1.298126e-09
0.5,6,32.75,0.999999998906,1.093886e-09
0.5,6,33.0,0.999999999078,9.217796e-10
0.5,6,33.25,0.999999999223,7.767517e-10
0.5,6,33.5,0.999999999345,6.545417e-10
0.5,6,33.75,0.999999999448,5.515596e-10
0.5,6,34.0,0.999999999535,4.647802e-10
0.5,6,34.25,0.999999999608,3.916541e-10
0.5,6,34.5,0.999999999670,3.300333e-10
0.5,6,34.75,0.999999999722,2.781077e-10
0.5,6,35.0,0.999999999766,2.343517e-10
0.5,6,35.25,0.999999999803,1.974800e-10
0.5,6,35.5,0.999999999834,1.664096e-10
0.5,6,35.75,0.999999999860,1.402276e-10
0.5,6,36.0,0.999999999882,1.181649e-10
0.5,6,36.25,0.999999999900,9.957347e-11
0.5,6,36.5,0.999999999916,8.390711e-11
0.5,6,36.75,0.999999999929,7.070561e-11
0.5,6,37.0,0.999999999940,5.958117e-11
0.5,6,37.25,0.999999999950,5.020699e-11
0.5,6,37.5,0.999999999958,4.230769e-11
0.5,6,37.75,0.999999999964,3.565122e-11
0.5,6,38.0,0.999999999970,3.004205e-11
0.5,6,38.25,0.999999999975,2.531539e-11
0.5,6,38.5,0.999999999979,2.133240e-11
0.5,6,38.75,0.999999999982,1.797607e-11
0.5,6,39.0,0.999999999985,1.514781e-11
0.5,6,39.25,0.999999999987,1.276454e-11
0.5,6,39.5,0.999999999989,1.075623e-11
0.5,6,39.75,0.999999999991,9.063905e-12
0.5,6,40.0,0.999999999992,7.637838e-12
0.5,8,0.0,0.003906250000,9.960938e-01
0.5,8,0.05,0.003921279284,9.960787e-01
0.5,8,0.1,0.003968016134,9.960320e-01
0.5,8,0.15,0.004049246230,9.959508e-01
0.5,8,0.2,0.004168225349,9.958318e-01
0.5,8,0.25,0.004328747554,9.956713e-01
0.5,8,0.3,0.004535212483,9.954648e-01
0.5,8,0.35,0.004792689246,9.952073e-01
0.5,8,0.4,0.005106974210,9.948930e-01
0.5,8,0.45,0.005484639789,9.945154e-01
0.5,8,0.5,0.005933071370,9.940669e-01
0.5,8,0.55,0.006460489514,9.935395e-01
0.5,8,0.6,0.007075954873,9.929240e-01
0.5,8,0.65,0.007789353528,9.922106e-01
0.5,8,0.7,0.008611361022,9.913886e-01
0.5,8,0.75,0.009553383944,9.904466e-01
0.5,8,0.8,0.010627478711,9.893725e-01
0.5,8,0.85,0.011846248009,9.881538e-01
0.5,8,0.9,0.013222716288,9.867773e-01
0.5,8,0.95,0.014770186571,9.852298e-01
0.5,8,1.0,0.016502081698,9.834979e-01
0.5,8,1.05,0.018431773872,9.815682e-01
0.5,8,1.1,0.020572406892,9.794276e-01
0.5,8,1.15,0.022936715891,9.770633e-01
0.5,8,1.2,0.025536849466,9.744632e-01
0.5,8,1.25,0.028384199027,9.716158e-01
0.5,8,1.3,0.031489239863,9.685108e-01
0.5,8,1.35,0.034861387875,9.651386e-01
0.5,8,1.4,0.038508875303,9.614911e-01
0.5,8,1.45,0.042438647919,9.575614e-01
0.5,8,1.5,0.046656285398,9.533437e-01
0.5,8,1.55,0.051165945670,9.488341e-01
0.5,8,1.6,0.055970333287,9.440297e-01
0.5,8,1.65,0.061070691110,9.389293e-01
0.5,8,1.7,0.066466813968,9.335332e-01
0.5,8,1.75,0.072157082476,9.278429e-01
0.5,8,1.8,0.078138514769,9.218615e-01
0.5,8,1.85,0.084406833713,9.155932e-01
0.5,8,1.9,0.090956546949,9.090435e-01
0.5,8,1.95,0.097781037164,9.022190e-01
0.5,8,2.0,0.104872659977,8.951273e-01
0.5,8,2.25,0.144011472921,8.559885e-01
0.5,8,2.5,0.188273833840,8.117262e-01
0.5,8,2.75,0.236154740469,7.638453e-01
0.5,8,3.0,0.286178712241,7.138213e-01
0.5,8,3.25,0.337038666424,6.629613e-01
0.5,8,3.5,0.387654098227,6.123459e-01
0.5,8,3.75,0.437176957702,5.628230e-01
0.5,8,4.0,0.484970401778,5.150296e-01
0.5,8,4.25,0.530577347916,4.694227e-01
0.5,8,4.5,0.573688162638,4.263118e-01
0.5,8,4.75,0.614111622235,3.858884e-01
0.5,8,5.0,0.651750347632,3.482497e-01
0.5,8,5.25,0.686580543024,3.134195e-01
0.5,8,5.5,0.718635391053,2.813646e-01
0.5,8,5.75,0.747991411067,2.520086e-01
0.5,8,6.0,0.774757201990,2.252428e-01
0.5,8,6.25,0.799064134322,2.009359e-01
0.5,8,6.5,0.821058674247,1.789413e-01
0.5,8,6.75,0.840896104616,1.591039e-01
0.5,8,7.0,0.858735457841,1.412645e-01
0.5,8,7.25,0.874735504327,1.252645e-01
0.5,8,7.5,0.889051656126,1.109483e-01
0.5,8,7.75,0.901833655815,9.816634e-02
0.5,8,8.0,0.913223929168,8.677607e-02
0.5,8,8.25,0.923356489111,7.664351e-02
0.5,8,8.5,0.932356288475,6.764371e-02
0.5,8,8.75,0.940338930018,5.966107e-02
0.5,8,9.0,0.947410653722,5.258935e-02
0.5,8,9.25,0.953668532920,4.633147e-02
0.5,8,9.5,0.959200821898,4.079918e-02
0.5,8,9.75,0.964087407885,3.591259e-02
0.5,8,10.0,0.968400329570,3.159967e-02
0.5,8,10.25,0.972204332340,2.779567e-02
0.5,8,10.5,0.975557437328,2.444256e-02
0.5,8,10.75,0.978511507108,2.148849e-02
0.5,8,11.0,0.981112795583,1.888720e-02
0.5,8,11.25,0.983402473423,1.659753e-02
0.5,8,11.5,0.985417123404,1.458288e-02
0.5,8,11.75,0.987189202312,1.281080e-02
0.5,8,12.0,0.988747467863,1.125253e-02
0.5,8,12.25,0.990117370382,9.882630e-03
0.5,8,12.5,0.991321409944,8.678590e-03
0.5,8,12.75,0.992379460325,7.620540e-03
0.5,8,13.0,0.993309061551,6.690938e-03
0.5,8,13.25,0.994125683083,5.874317e-03
0.5,8,13.5,0.994842959836,5.157040e-03
0.5,8,13.75,0.995472903218,4.527097e-03
0.5,8,14.0,0.996026089400,3.973911e-03
0.5,8,14.25,0.996511826915,3.488173e-03
0.5,8,14.5,0.996938305573,3.061694e-03
0.5,8,14.75,0.997312728587,2.687271e-03
0.5,8,15.0,0.997641429623,2.358570e-03
0.5,8,15.25,0.997929976380,2.070024e-03
0.5,8,15.5,0.998183262153,1.816738e-03
0.5,8,15.75,0.998405586693,1.594413e-03
0.5,8,16.0,0.998600727564,1.399272e-03
0.5,8,16.25,0.998772003073,1.227997e-03
0.5,8,16.5,0.998922327722,1.077672e-03
0.5,8,16.75,0.999054261059,9.457389e-04
0.5,8,17.0,0.999170050677,8.299493e-04
0.5,8,17.25,0.999271670068,7.283299e-04
0.5,8,17.5,0.999360851917,6.391481e-04
0.5,8,17.75,0.999439117377,5.608826e-04
0.5,8,18.0,0.999507801822,4.921982e-04
0.5,8,18.25,0.999568077474,4.319225e-04
0.5,8,18.5,0.999620973286,3.790267e-04
0.5,8,18.75,0.999667392422,3.326076e-04
0.5,8,19.0,0.999708127603,2.918724e-04
0.5,8,19.25,0.999743874595,2.561254e-04
0.5,8,19.5,0.999775244048,2.247560e-04
0.5,8,19.75,0.999802771899,1.972281e-04
0.5,8,20.0,0.999826928499,1.730715e-04
0.5,8,20.25,0.999848126638,1.518734e-04
0.5,8,20.5,0.999866728579,1.332714e-04
0.5,8,20.75,0.999883052241,1.169478e-04
0.5,8,21.0,0.999897376622,1.026234e-04
0.5,8,21.25,0.999909946562,9.005344e-05
0.5,8,21.5,0.999920976924,7.902308e-05
0.5,8,21.75,0.999930656261,6.934374e-05
0.5,8,22.0,0.999939150038,6.084996e-05
0.5,8,22.25,0.999946603458,5.339654e-05
0.5,8,22.5,0.999953143942,4.685606e-05
0.5,8,22.75,0.999958883306,4.111669e-05
0.5,8,23.0,0.999963919671,3.608033e-05
0.5,8,23.25,0.999968339145,3.166086e-05
0.5,8,23.5,0.999972217285,2.778272e-05
0.5,8,23.75,0.999975620397,2.437960e-05
0.5,8,24.0,0.999978606665,2.139334e-05
0.5,8,24.25,0.999981227147,1.877285e-05
0.5,8,24.5,0.999983526647,1.647335e-05
0.5,8,24.75,0.999985544481,1.445552e-05
0.5,8,25.0,0.999987315151,1.268485e-05
0.5,8,25.25,0.999988868931,1.113107e-05
0.5,8,25.5,0.999990232387,9.767613e-06
0.5,8,25.75,0.999991428833,8.571167e-06
0.5,8,26.0,0.999992478725,7.521275e-06
0.5,8,26.25,0.999993400015,6.599985e-06
0.5,8,26.5,0.999994208456,5.791544e-06
0.5,8,26.75,0.999994917869,5.082131e-06
0.5,8,27.0,0.999995540386,4.459614e-06
0.5,8,27.25,0.999996086650,3.913350e-06
0.5,8,27.5,0.999996566002,3.433998e-06
0.5,8,27.75,0.999996986637,3.013363e-06
0.5,8,28.0,0.999997355748,2.644252e-06
0.5,8,28.25,0.999997679646,2.320354e-06
0.5,8,28.5,0.999997963870,2.036130e-06
0.5,8,28.75,0.999998213278,1.786722e-06
0.5,8,29.0,0.999998432136,1.567864e-06
0.5,8,29.25,0.999998624186,1.375814e-06
0.5,8,29.5,0.999998792712,1.207288e-06
0.5,8,29.75,0.999998940594,1.059406e-06
0.5,8,30.0,0.999999070362,9.296378e-07
0.5,8,30.25,0.999999184235,8.157651e-07
0.5,8,30.5,0.999999284159,7.158409e-07
0.5,8,30.75,0.999999371844,6.281565e-07
0.5,8,31.0,0.999999448787,5.512127e-07
0.5,8,31.25,0.999999516306,4.836938e-07
0.5,8,31.5,0.999999575555,4.244455e-07
0.5,8,31.75,0.999999627545,3.724545e-07
0.5,8,32.0,0.999999673168,3.268320e-07
0.5,8,32.25,0.999999713202,2.867979e-07
0.5,8,32.5,0.999999748332,2.516676e-07
0.5,8,32.75,0.999999779160,2.208405e-07
0.5,8,33.0,0.999999806211,1.937894e-07
0.5,8,33.25,0.999999829948,1.700519e-07
0.5,8,33.5,0.999999850778,1.492220e-07
0.5,8,33.75,0.999999869056,1.309435e-07
0.5,8,34.0,0.999999885096,1.149041e-07
0.5,8,34.25,0.999999899171,1.008293e-07
0.5,8,34.5,0.999999911521,8.847858e-08
0.5,8,34.75,0.999999922359,7.764071e-08
0.5,8,35.0,0.999999931870,6.813038e-08
0.5,8,35.25,0.999999940215,5.978499e-08
0.5,8,35.5,0.999999947538,5.246184e-08
0.5,8,35.75,0.999999953964,4.603571e-08
0.5,8,36.0,0.999999959603,4.039673e-08
0.5,8,36.25,0.999999964552,3.544848e-08
0.5,8,36.5,0.999999968894,3.110634e-08
0.5,8,36.75,0.999999972704,2.729608e-08
0.5,8,37.0,0.999999976047,2.395254e-08
0.5,8,37.25,0.999999978981,2.101856e-08
0.5,8,37.5,0.999999981556,1.844397e-08
0.5,8,37.75,0.999999983815,1.618474e-08
0.5,8,38.0,0.999999985798,1.420225e-08
0.5,8,38.25,0.999999987537,1.246259e-08
0.5,8,38.5,0.999999989064,1.093603e-08
0.5,8,38.75,0.999999990404,9.596462e-09
0.5,8,39.0,0.999999991579,8.420977e-09
0.5,8,39.25,0.999999992611,7.389479e-09
0.5,8,39.5,0.999999993516,6.484331e-09
0.5,8,39.75,0.999999994310,5.690056e-09
0.5,8,40.0,0.999999995007,4.993073e-09
0.5,10,0.0,0.000976562500,9.990234e-01
0.5,10,0.05,0.000981261408,9.990187e-01
0.5,10,0.1,0.000995902418,9.990041e-01
0.5,10,0.15,0.001021451455,9.989785e-01
0.5,10,0.2,0.001059104879,9.989409e-01
0.5,10,0.25,0.001110331622,9.988897e-01
0.5,10,0.3,0.001176918951,9.988231e-01
0.5,10,0.35,0.001261021305,9.987390e-01
0.5,10,0.4,0.001365211329,9.986348e-01
0.5,10,0.45,0.001492531811,9.985075e-01
0.5,10,0.5,0.001646546885,9.983535e-01
0.5,10,0.55,0.001831390402,9.981686e-01
0.5,10,0.6,0.002051809054,9.979482e-01
0.5,10,0.65,0.002313197562,9.976868e-01
0.5,10,0.7,0.002621623127,9.973784e-01
0.5,10,0.75,0.002983836405,9.970162e-01
0.5,10,0.8,0.003407266512,9.965927e-01
0.5,10,0.85,0.003899998068,9.961000e-01
0.5,10,0.9,0.004470728915,9.955293e-01
0.5,10,0.95,0.005128708004,9.948713e-01
0.5,10,1.0,0.005883653846,9.941163e-01
0.5,10,1.05,0.006745654889,9.932543e-01
0.5,10,1.1,0.007725054119,9.922749e-01
0.5,10,1.15,0.008832320975,9.911677e-01
0.5,10,1.2,0.010077914343,9.899221e-01
0.5,10,1.25,0.011472140807,9.885279e-01
0.5,10,1.3,0.013025012533,9.869750e-01
0.5,10,1.35,0.014746109128,9.852539e-01
0.5,10,1.4,0.016644447514,9.833556e-01
0.5,10,1.45,0.018728363415,9.812716e-01
0.5,10,1.5,0.021005407419,9.789946e-01
0.5,10,1.55,0.023482257852,9.765177e-01
0.5,10,1.6,0.026164651958,9.738353e-01
0.5,10,1.65,0.029057336095,9.709427e-01
0.5,10,1.7,0.032164034946,9.678360e-01
0.5,10,1.75,0.035487439121,9.645126e-01
0.5,10,1.8,0.039029209966,9.609708e-01
0.5,10,1.85,0.042790000002,9.572100e-01
0.5,10,1.9,0.046769487094,9.532305e-01
0.5,10,1.95,0.050966420275,9.490336e-01
0.5,10,2.0,0.055378675078,9.446213e-01
0.5,10,2.25,0.080542547802,9.194575e-01
0.5,10,2.5,0.110387387398,8.896126e-01
0.5,10,2.75,0.144074766176,8.559252e-01
0.5,10,3.0,0.180696973245,8.193030e-01
0.5,10,3.25,0.219389591986,7.806104e-01
0.5,10,3.5,0.259385868709,7.406141e-01
0.5,10,3.75,0.300032707383,6.999673e-01
0.5,10,4.0,0.340786395021,6.592136e-01
0.5,10,4.25,0.381200130199,6.187999e-01
0.5,10,4.5,0.420909952060,5.790900e-01
0.5,10,4.75,0.459621999942,5.403780e-01
0.5,10,5.0,0.497101978264,5.028980e-01
0.5,10,5.25,0.533166728698,4.668333e-01
0.5,10,5.5,0.567677461268,4.323225e-01
0.5,10,5.75,0.600534157045,3.994658e-01
0.5,10,6.0,0.631670744776,3.683293e-01
0.5,10,6.25,0.661050776051,3.389492e-01
0.5,10,6.5,0.688663434354,3.113366e-01
0.5,10,6.75,0.714519796913,2.854802e-01
0.5,10,7.0,0.738649323363,2.613507e-01
0.5,10,7.25,0.761096576339,2.389034e-01
0.5,10,7.5,0.781918192648,2.180818e-01
0.5,10,7.75,0.801180125542,1.988199e-01
0.5,10,8.0,0.818955173761,1.810448e-01
0.5,10,8.25,0.835320804983,1.646792e-01
0.5,10,8.5,0.850357272543,1.496427e-01
0.5,10,8.75,0.864146016183,1.358540e-01
0.5,10,9.0,0.876768330999,1.232317e-01
0.5,10,9.25,0.888304283886,1.116957e-01
0.5,10,9.5,0.898831853700,1.011681e-01
0.5,10,9.75,0.908426269780,9.157373e-02
0.5,10,10.0,0.917159523266,8.284048e-02
0.5,10,10.25,0.925100026302,7.489997e-02
0.5,10,10.5,0.932312395750,6.768760e-02
0.5,10,10.75,0.938857339860,6.114266e-02
0.5,10,11.0,0.944791628567,5.520837e-02
0.5,10,11.25,0.950168130329,4.983187e-02
0.5,10,11.5,0.955035900674,4.496410e-02
0.5,10,11.75,0.959440309796,4.055969e-02
0.5,10,12.0,0.963423198491,3.657680e-02
0.5,10,12.25,0.967023053590,3.297695e-02
0.5,10,12.5,0.970275195616,2.972480e-02
0.5,10,12.75,0.973211972810,2.678803e-02
0.5,10,13.0,0.975862956887,2.413704e-02
0.5,10,13.25,0.978255136920,2.174486e-02
0.5,10,13.5,0.980413108603,1.958689e-02
0.5,10,13.75,0.982359256873,1.764074e-02
0.5,10,14.0,0.984113930463,1.588607e-02
0.5,10,14.25,0.985695607428,1.430439e-02
0.5,10,14.5,0.987121051079,1.287895e-02
0.5,10,14.75,0.988405456045,1.159454e-02
0.5,10,15.0,0.989562584444,1.043742e-02
0.5,10,15.25,0.990604892292,9.395108e-03
0.5,10,15.5,0.991543646440,8.456354e-03
0.5,10,15.75,0.992389032389,7.610968e-03
0.5,10,16.0,0.993150253445,6.849747e-03
0.5,10,16.25,0.993835621670,6.164378e-03
0.5,10,16.5,0.994452641139,5.547359e-03
0.5,10,16.75,0.995008084003,4.991916e-03
0.5,10,17.0,0.995508059878,4.491940e-03
0.5,10,17.25,0.995958079033,4.041921e-03
0.5,10,17.5,0.996363109870,3.636890e-03
0.5,10,17.75,0.996727631142,3.272369e-03
0.5,10,18.0,0.997055679348,2.944321e-03
0.5,10,18.25,0.997350891704,2.649108e-03
0.5,10,18.5,0.997616545074,2.383455e-03
0.5,10,18.75,0.997855591216,2.144409e-03
0.5,10,19.0,0.998070688666,1.929311e-03
0.5,10,19.25,0.998264231568,1.735768e-03
0.5,10,19.5,0.998438375727,1.561624e-03
0.5,10,19.75,0.998595062140,1.404938e-03
0.5,10,20.0,0.998736038246,1.263962e-03
0.5,10,20.25,0.998862877097,1.137123e-03
0.5,10,20.5,0.998976994661,1.023005e-03
0.5,10,20.75,0.999079665425,9.203346e-04
0.5,10,21.0,0.999172036466,8.279635e-04
0.5,10,21.25,0.999255140132,7.448599e-04
0.5,10,21.5,0.999329905477,6.700945e-04
0.5,10,21.75,0.999397168560,6.028314e-04
0.5,10,22.0,0.999457681724,5.423183e-04
0.5,10,22.25,0.999512121960,4.878780e-04
0.5,10,22.5,0.999561098431,4.389016e-04
0.5,10,22.75,0.999605159257,3.948407e-04
0.5,10,23.0,0.999644797617,3.552024e-04
0.5,10,23.25,0.999680457251,3.195427e-04
0.5,10,23.5,0.999712537404,2.874626e-04
0.5,10,23.75,0.999741397283,2.586027e-04
0.5,10,24.0,0.999767360068,2.326399e-04
0.5,10,24.25,0.999790716523,2.092835e-04
0.5,10,24.5,0.999811728238,1.882718e-04
0.5,10,24.75,0.999830630563,1.693694e-04
0.5,10,25.0,0.999847635229,1.523648e-04
0.5,10,25.25,0.999862932724,1.370673e-04
0.5,10,25.5,0.999876694417,1.233056e-04
0.5,10,25.75,0.999889074481,1.109255e-04
0.5,10,26.0,0.999900211614,9.978839e-05
0.5,10,26.25,0.999910230595,8.976941e-05
0.5,10,26.5,0.999919243675,8.075632e-05
0.5,10,26.75,0.999927351841,7.264816e-05
0.5,10,27.0,0.999934645942,6.535406e-05
0.5,10,27.25,0.999941207705,5.879229e-05
0.5,10,27.5,0.999947110657,5.288934e-05
0.5,10,27.75,0.999952420940,4.757906e-05
0.5,10,28.0,0.999957198057,4.280194e-05
0.5,10,28.25,0.999961495539,3.850446e-05
0.5,10,28.5,0.999965361541,3.463846e-05
0.5,10,28.75,0.999968839383,3.116062e-05
0.5,10,29.0,0.999971968038,2.803196e-05
0.5,10,29.25,0.999974782565,2.521744e-05
0.5,10,29.5,0.999977314503,2.268550e-05
0.5,10,29.75,0.999979592224,2.040778e-05
0.5,10,30.0,0.999981641253,1.835875e-05
0.5,10,30.25,0.999983484551,1.651545e-05
0.5,10,30.5,0.999985142774,1.485723e-05
0.5,10,30.75,0.999986634505,1.336550e-05
0.5,10,31.0,0.999987976459,1.202354e-05
0.5,10,31.25,0.999989183676,1.081632e-05
0.5,10,31.5,0.999990269683,9.730317e-06
0.5,10,31.75,0.999991246649,8.753351e-06
0.5,10,32.0,0.999992125525,7.874475e-06
0.5,10,32.25,0.999992916157,7.083843e-06
0.5,10,32.5,0.999993627406,6.372594e-06
0.5,10,32.75,0.999994267242,5.732758e-06
0.5,10,33.0,0.999994842837,5.157163e-06
0.5,10,33.25,0.999995360639,4.639361e-06
0.5,10,33.5,0.999995826451,4.173549e-06
0.5,10,33.75,0.999996245494,3.754506e-06
0.5,10,34.0,0.999996622462,3.377538e-06
0.5,10,34.25,0.999996961582,3.038418e-06
0.5,10,34.5,0.999997266652,2.733348e-06
0.5,10,34.75,0.999997541093,2.458907e-06
0.5,10,35.0,0.999997787978,2.212022e-06
0.5,10,35.25,0.999998010074,1.989926e-06
0.5,10,35.5,0.999998209871,1.790129e-06
0.5,10,35.75,0.999998389608,1.610392e-06
0.5,10,36.0,0.999998551298,1.448702e-06
0.5,10,36.25,0.999998696754,1.303246e-06
0.5,10,36.5,0.999998827606,1.172394e-06
0.5,10,36.75,0.999998945319,1.054681e-06
0.5,10,37.0,0.999999051214,9.487862e-07
0.5,10,37.25,0.999999146476,8.535240e-07
0.5,10,37.5,0.999999232173,7.678265e-07
0.5,10,37.75,0.999999309267,6.907334e-07
0.5,10,38.0,0.999999378619,6.213808e-07
0.5,10,38.25,0.999999441008,5.589915e-07
0.5,10,38.5,0.999999497134,5.028664e-07
0.5,10,38.75,0.999999547624,4.523764e-07
0.5,10,39.0,0.999999593044,4.069559e-07
0.5,10,39.25,0.999999633904,3.660958e-07
0.5,10,39.5,0.999999670662,3.293382e-07
0.5,10,39.75,0.999999703729,2.962713e-07
0.5,10,40.0,0.999999733476,2.665244e-07
0.5,12,0.0,0.000244140625,9.997559e-01
0.5,12,0.05,0.000245550975,9.997544e-01
0.5,12,0.1,0.000249954030,9.997500e-01
0.5,12,0.15,0.000257668469,9.997423e-01
0.5,12,0.2,0.000269108095,9.997309e-01
0.5,12,0.25,0.000284802140,9.997152e-01
0.5,12,0.3,0.000305418863,9.996946e-01
0.5,12,0.35,0.000331792724,9.996682e-01
0.5,12,0.4,0.000364955297,9.996350e-01
0.5,12,0.45,0.000406169898,9.995938e-01
0.5,12,0.5,0.000456969655,9.995430e-01
0.5,12,0.55,0.000519198451,9.994808e-01
0.5,12,0.6,0.000595053784,9.994049e-01
0.5,12,0.65,0.000687130197,9.993129e-01
0.5,12,0.7,0.000798461558,9.992015e-01
0.5,12,0.75,0.000932560064,9.990674e-01
0.5,12,0.8,0.001093449626,9.989066e-01
0.5,12,0.85,0.001285691106,9.987143e-01
0.5,12,0.9,0.001514396904,9.984856e-01
0.5,12,0.95,0.001785232611,9.982148e-01
0.5,12,1.0,0.002104403829,9.978956e-01
0.5,12,1.05,0.002478626848,9.975214e-01
0.5,12,1.1,0.002915082587,9.970849e-01
0.5,12,1.15,0.003421354042,9.965786e-01
0.5,12,1.2,0.004005348329,9.959947e-01
0.5,12,1.25,0.004675205238,9.953248e-01
0.5,12,1.3,0.005439194924,9.945608e-01
0.5,12,1.35,0.006305607932,9.936944e-01
0.5,12,1.4,0.007282641128,9.927174e-01
0.5,12,1.45,0.008378283265,9.916217e-01
0.5,12,1.5,0.009600203838,9.903998e-01
0.5,12,1.55,0.010955648644,9.890444e-01
0.5,12,1.6,0.012451345041,9.875487e-01
0.5,12,1.65,0.014093419324,9.859066e-01
0.5,12,1.7,0.015887328052,9.841127e-01
0.5,12,1.75,0.017837804454,9.821622e-01
0.5,12,1.8,0.019948820425,9.800512e-01
0.5,12,1.85,0.022223564017,9.777764e-01
0.5,12,1.9,0.024664431784,9.753356e-01
0.5,12,1.95,0.027273034919,9.727270e-01
0.5,12,2.0,0.030050217788,9.699498e-01
0.5,12,2.25,0.046445085217,9.535549e-01
0.5,12,2.5,0.066811059292,9.331889e-01
0.5,12,2.75,0.090665233634,9.093348e-01
0.5,12,3.0,0.117409555349,8.825904e-01
0.5,12,3.25,0.146441720328,8.535583e-01
0.5,12,3.5,0.177213305456,8.227867e-01
0.5,12,3.75,0.209249585209,7.907504e-01
0.5,12,4.0,0.242148201657,7.578518e-01
0.5,12,4.25,0.275569146967,7.244309e-01
0.5,12,4.5,0.309223100710,6.907769e-01
0.5,12,4.75,0.342861288824,6.571387e-01
0.5,12,5.0,0.376267809718,6.237322e-01
0.5,12,5.25,0.409254309110,5.907457e-01
0.5,12,5.5,0.441656489326,5.583435e-01
0.5,12,5.75,0.473331877576,5.266681e-01
0.5,12,6.0,0.504158358521,4.958416e-01
0.5,12,6.25,0.534033099829,4.659669e-01
0.5,12,6.5,0.562871619469,4.371284e-01
0.5,12,6.75,0.590606842574,4.093932e-01
0.5,12,7.0,0.617188069923,3.828119e-01
0.5,12,7.25,0.642579831465,3.574202e-01
0.5,12,7.5,0.666760631171,3.332394e-01
0.5,12,7.75,0.689721608262,3.102784e-01
0.5,12,8.0,0.711465148611,2.885349e-01
0.5,12,8.25,0.732003482119,2.679965e-01
0.5,12,8.5,0.751357299618,2.486427e-01
0.5,12,8.75,0.769554418214,2.304456e-01
0.5,12,9.0,0.786628518245,2.133715e-01
0.5,12,9.25,0.802617969049,1.973820e-01
0.5,12,9.5,0.817564755084,1.824352e-01
0.5,12,9.75,0.831513508874,1.684865e-01
0.5,12,10.0,0.844510653023,1.554893e-01
0.5,12,10.25,0.856603650047,1.433963e-01
0.5,12,10.5,0.867840356142,1.321596e-01
0.5,12,10.75,0.878268473055,1.217315e-01
0.5,12,11.0,0.887935090862,1.120649e-01
0.5,12,11.25,0.896886313721,1.031137e-01
0.5,12,11.5,0.905166960235,9.483304e-02
0.5,12,11.75,0.912820330055,8.717967e-02
0.5,12,12.0,0.919888028549,8.011197e-02
0.5,12,12.25,0.926409841766,7.359016e-02
0.5,12,12.5,0.932423654438,6.757635e-02
0.5,12,12.75,0.937965404345,6.203460e-02
0.5,12,13.0,0.943069067027,5.693093e-02
0.5,12,13.25,0.947766665431,5.223333e-02
0.5,12,13.5,0.952088299743,4.791170e-02
0.5,12,13.75,0.956062193218,4.393781e-02
0.5,12,14.0,0.959714750414,4.028525e-02
0.5,12,14.25,0.963070624734,3.692938e-02
0.5,12,14.5,0.966152792648,3.384721e-02
0.5,12,14.75,0.968982632391,3.101737e-02
0.5,12,15.0,0.971580005309,2.841999e-02
0.5,12,15.25,0.973963338349,2.603666e-02
0.5,12,15.5,0.976149706459,2.385029e-02
0.5,12,15.75,0.978154913948,2.184509e-02
0.5,12,16.0,0.979993574011,2.000643e-02
0.5,12,16.25,0.981679185863,1.832081e-02
0.5,12,16.5,0.983224209023,1.677579e-02
0.5,12,16.75,0.984640134450,1.535987e-02
0.5,12,17.0,0.985937552322,1.406245e-02
0.5,12,17.25,0.987126216341,1.287378e-02
0.5,12,17.5,0.988215104496,1.178490e-02
0.5,12,17.75,0.989212476311,1.078752e-02
0.5,12,18.0,0.990125926603,9.874073e-03
0.5,12,18.25,0.990962435849,9.037564e-03
0.5,12,18.5,0.991728417251,8.271583e-03
0.5,12,18.75,0.992429760633,7.570239e-03
0.5,12,19.0,0.993071873315,6.928127e-03
0.5,12,19.25,0.993659718090,6.340282e-03
0.5,12,19.5,0.994197848477,5.802152e-03
0.5,12,19.75,0.994690441390,5.309559e-03
0.5,12,20.0,0.995141327377,4.858673e-03
0.5,12,20.25,0.995554018590,4.445981e-03
0.5,12,20.5,0.995931734607,4.068265e-03
0.5,12,20.75,0.996277426283,3.722574e-03
0.5,12,21.0,0.996593797731,3.406202e-03
0.5,12,21.25,0.996883326583,3.116673e-03
0.5,12,21.5,0.997148282654,2.851717e-03
0.5,12,21.75,0.997390745110,2.609255e-03
0.5,12,22.0,0.997612618269,2.387382e-03
0.5,12,22.25,0.997815646123,2.184354e-03
0.5,12,22.5,0.998001425686,1.998574e-03
0.5,12,22.75,0.998171419258,1.828581e-03
0.5,12,23.0,0.998326965680,1.673034e-03
0.5,12,23.25,0.998469290675,1.530709e-03
0.5,12,23.5,0.998599516329,1.400484e-03
0.5,12,23.75,0.998718669795,1.281330e-03
0.5,12,24.0,0.998827691275,1.172309e-03
0.5,12,24.25,0.998927441337,1.072559e-03
0.5,12,24.5,0.999018707627,9.812924e-04
0.5,12,24.75,0.999102211018,8.977890e-04
0.5,12,25.0,0.999178611246,8.213888e-04
0.5,12,25.25,0.999248512077,7.514879e-04
0.5,12,25.5,0.999312466037,6.875340e-04
0.5,12,25.75,0.999370978747,6.290213e-04
0.5,12,26.0,0.999424512894,5.754871e-04
0.5,12,26.25,0.999473491867,5.265081e-04
0.5,12,26.5,0.999518303087,4.816969e-04
0.5,12,26.75,0.999559301055,4.406989e-04
0.5,12,27.0,0.999596810145,4.031899e-04
0.5,12,27.25,0.999631127159,3.688728e-04
0.5,12,27.5,0.999662523667,3.374763e-04
0.5,12,27.75,0.999691248150,3.087518e-04
0.5,12,28.0,0.999717527960,2.824720e-04
0.5,12,28.25,0.999741571113,2.584289e-04
0.5,12,28.5,0.999763567934,2.364321e-04
0.5,12,28.75,0.999783692560,2.163074e-04
0.5,12,29.0,0.999802104312,1.978957e-04
0.5,12,29.25,0.999818948960,1.810510e-04
0.5,12,29.5,0.999834359873,1.656401e-04
0.5,12,29.75,0.999848459069,1.515409e-04
0.5,12,30.0,0.999861358186,1.386418e-04
0.5,12,30.25,0.999873159365,1.268406e-04
0.5,12,30.5,0.999883956051,1.160439e-04
0.5,12,30.75,0.999893833740,1.061663e-04
0.5,12,31.0,0.999902870651,9.712935e-05
0.5,12,31.25,0.999911138348,8.886165e-05
0.5,12,31.5,0.999918702301,8.129770e-05
0.5,12,31.75,0.999925622413,7.437759e-05
0.5,12,32.0,0.999931953484,6.804652e-05
0.5,12,32.25,0.999937745652,6.225435e-05
0.5,12,32.5,0.999943044789,5.695521e-05
0.5,12,32.75,0.999947892861,5.210714e-05
0.5,12,33.0,0.999952328261,4.767174e-05
0.5,12,33.25,0.999956386117,4.361388e-05
0.5,12,33.5,0.999960098564,3.990144e-05
0.5,12,33.75,0.999963495005,3.650500e-05
0.5,12,34.0,0.999966602337,3.339766e-05
0.5,12,34.25,0.999969445171,3.055483e-05
0.5,12,34.5,0.999972046019,2.795398e-05
0.5,12,34.75,0.999974425481,2.557452e-05
0.5,12,35.0,0.999976602401,2.339760e-05
0.5,12,35.25,0.999978594019,2.140598e-05
0.5,12,35.5,0.999980416109,1.958389e-05
0.5,12,35.75,0.999982083101,1.791690e-05
0.5,12,36.0,0.999983608197,1.639180e-05
0.5,12,36.25,0.999985003475,1.499652e-05
0.5,12,36.5,0.999986279986,1.372001e-05
0.5,12,36.75,0.999987447840,1.255216e-05
0.5,12,37.0,0.999988516284,1.148372e-05
0.5,12,37.25,0.999989493782,1.050622e-05
0.5,12,37.5,0.999990388075,9.611925e-06
0.5,12,37.75,0.999991206245,8.793755e-06
0.5,12,38.0,0.999991954772,8.045228e-06
0.5,12,38.25,0.999992639583,7.360417e-06
0.5,12,38.5,0.999993266104,6.733896e-06
0.5,12,38.75,0.999993839294,6.160706e-06
0.5,12,39.0,0.999994363694,5.636306e-06
0.5,12,39.25,0.999994843457,5.156543e-06
0.5,12,39.5,0.999995282383,4.717617e-06
0.5,12,39.75,0.999995683947,4.316053e-06
0.5,12,40.0,0.999996051329,3.948671e-06
0.5,14,0.0,0.000061035156,9.999390e-01
0.5,14,0.05,0.000061446706,9.999386e-01
0.5,14,0.1,0.000062734075,9.999373e-01
0.5,14,0.15,0.000064998723,9.999350e-01
0.5,14,0.2,0.000068377711,9.999316e-01
0.5,14,0.25,0.000073052283,9.999269e-01
0.5,14,0.3,0.000079258375,9.999207e-01
0.5,14,0.35,0.000087299415,9.999127e-01
0.5,14,0.4,0.000097561756,9.999024e-01
0.5,14,0.45,0.000110533094,9.998895e-01
0.5,14,0.5,0.000126824111,9.998732e-01
0.5,14,0.55,0.000147193515,9.998528e-01
0.5,14,0.6,0.000172576460,9.998274e-01
0.5,14,0.65,0.000204116097,9.997959e-01
0.5,14,0.7,0.000243197766,9.997568e-01
0.5,14,0.75,0.000291484984,9.997085e-01
0.5,14,0.8,0.000350956062,9.996490e-01
0.5,14,0.85,0.000423939858,9.995761e-01
0.5,14,0.9,0.000513148865,9.994869e-01
0.5,14,0.95,0.000621707641,9.993783e-01
0.5,14,1.0,0.000753174466,9.992468e-01
0.5,14,1.05,0.000911554181,9.990884e-01
0.5,14,1.1,0.001101300337,9.988987e-01
0.5,14,1.15,0.001327305170,9.986727e-01
0.5,14,1.2,0.001594876395,9.984051e-01
0.5,14,1.25,0.001909700435,9.980903e-01
0.5,14,1.3,0.002277792386,9.977222e-01
0.5,14,1.35,0.002705433685,9.972946e-01
0.5,14,1.4,0.003199099116,9.968009e-01
0.5,14,1.45,0.003765375338,9.962346e-01
0.5,14,1.5,0.004410873528,9.955891e-01
0.5,14,1.55,0.005142139020,9.948579e-01
0.5,14,1.6,0.005965560883,9.940344e-01
0.5,14,1.65,0.006887284332,9.931127e-01
0.5,14,1.7,0.007913128619,9.920869e-01
0.5,14,1.75,0.009048512708,9.909515e-01
0.5,14,1.8,0.010298390597,9.897016e-01
0.5,14,1.85,0.011667197651,9.883328e-01
0.5,14,1.9,0.013158808796,9.868412e-01
0.5,14,1.95,0.014776508918,9.852235e-01
0.5,14,2.0,0.016522975372,9.834770e-01
0.5,14,2.25,0.027238098108,9.727619e-01
0.5,14,2.5,0.041240671708,9.587593e-01
0.5,14,2.75,0.058293618207,9.417064e-01
0.5,14,3.0,0.078001770951,9.219982e-01
0.5,14,3.25,0.099922337431,9.000777e-01
0.5,14,3.5,0.123633895250,8.763661e-01
0.5,14,3.75,0.148767120583,8.512329e-01
0.5,14,4.0,0.175010667024,8.249893e-01
0.5,14,4.25,0.202104727902,7.978953e-01
0.5,14,4.5,0.229830536585,7.701695e-01
0.5,14,4.75,0.258000134439,7.419999e-01
0.5,14,5.0,0.286448153043,7.135518e-01
0.5,14,5.25,0.315025958056,6.849740e-01
0.5,14,5.5,0.343597873216,6.564021e-01
0.5,14,5.75,0.372038998211,6.279610e-01
0.5,14,6.0,0.400234132078,5.997659e-01
0.5,14,6.25,0.428077392062,5.719226e-01
0.5,14,6.5,0.455472215703,5.445278e-01
0.5,14,6.75,0.482331525023,5.176685e-01
0.5,14,7.0,0.508577906645,4.914221e-01
0.5,14,7.25,0.534143719113,4.658563e-01
0.5,14,7.5,0.558971080582,4.410289e-01
0.5,14,7.75,0.583011719161,4.169883e-01
0.5,14,8.0,0.606226687434,3.937733e-01
0.5,14,8.25,0.628585954572,3.714140e-01
0.5,14,8.5,0.650067896029,3.499321e-01
0.5,14,8.75,0.670658703618,3.293413e-01
0.5,14,9.0,0.690351739113,3.096483e-01
0.5,14,9.25,0.709146853227,2.908531e-01
0.5,14,9.5,0.727049689559,2.729503e-01
0.5,14,9.75,0.744070990386,2.559290e-01
0.5,14,10.0,0.760225918262,2.397741e-01
0.5,14,10.25,0.775533404525,2.244666e-01
0.5,14,10.5,0.790015533169,2.099845e-01
0.5,14,10.75,0.803696966089,1.963030e-01
0.5,14,11.0,0.816604413647,1.833956e-01
0.5,14,11.25,0.828766152693,1.712338e-01
0.5,14,11.5,0.840211592721,1.597884e-01
0.5,14,11.75,0.850970889614,1.490291e-01
0.5,14,12.0,0.861074605558,1.389254e-01
0.5,14,12.25,0.870553412950,1.294466e-01
0.5,14,12.5,0.879437839687,1.205622e-01
0.5,14,12.75,0.887758052847,1.122419e-01
0.5,14,13.0,0.895543677619,1.044563e-01
0.5,14,13.25,0.902823648254,9.717635e-02
0.5,14,13.5,0.909626087814,9.037391e-02
0.5,14,13.75,0.915978213615,8.402179e-02
0.5,14,14.0,0.921906265340,7.809373e-02
0.5,14,14.25,0.927435453034,7.256455e-02
0.5,14,14.5,0.932589922329,6.741008e-02
0.5,14,14.75,0.937392734502,6.260727e-02
0.5,14,15.0,0.941865859149,5.813414e-02
0.5,14,15.25,0.946030177482,5.396982e-02
0.5,14,15.5,0.949905494472,5.009451e-02
0.5,14,15.75,0.953510558254,4.648944e-02
0.5,14,16.0,0.956863085370,4.313691e-02
0.5,14,16.25,0.959979790655,4.002021e-02
0.5,14,16.5,0.962876420670,3.712358e-02
0.5,14,16.75,0.965567789781,3.443221e-02
0.5,14,17.0,0.968067818074,3.193218e-02
0.5,14,17.25,0.970389570459,2.961043e-02
0.5,14,17.5,0.972545296368,2.745470e-02
0.5,14,17.75,0.974546469597,2.545353e-02
0.5,14,18.0,0.976403827895,2.359617e-02
0.5,14,18.25,0.978127411976,2.187259e-02
0.5,14,18.5,0.979726603700,2.027340e-02
0.5,14,18.75,0.981210163232,1.878984e-02
0.5,14,19.0,0.982586265002,1.741373e-02
0.5,14,19.25,0.983862532377,1.613747e-02
0.5,14,19.5,0.985046070935,1.495393e-02
0.5,14,19.75,0.986143500315,1.385650e-02
0.5,14,20.0,0.987160984588,1.283902e-02
0.5,14,20.25,0.988104261155,1.189574e-02
0.5,14,20.5,0.988978668176,1.102133e-02
0.5,14,20.75,0.989789170538,1.021083e-02
0.5,14,21.0,0.990540384402,9.459616e-03
0.5,14,21.25,0.991236600369,8.763400e-03
0.5,14,21.5,0.991881805290,8.118195e-03
0.5,14,21.75,0.992479702795,7.520297e-03
0.5,14,22.0,0.993033732569,6.966267e-03
0.5,14,22.25,0.993547088441,6.452912e-03
0.5,14,22.5,0.994022735341,5.977265e-03
0.5,14,22.75,0.994463425174,5.536575e-03
0.5,14,23.0,0.994871711674,5.128288e-03
0.5,14,23.25,0.995249964285,4.750036e-03
0.5,14,23.5,0.995600381131,4.399619e-03
0.5,14,23.75,0.995925001115,4.074999e-03
0.5,14,24.0,0.996225715212,3.774285e-03
0.5,14,24.25,0.996504276991,3.495723e-03
0.5,14,24.5,0.996762312425,3.237688e-03
0.5,14,24.75,0.997001329020,2.998671e-03
0.5,14,25.0,0.997222724317,2.777276e-03
0.5,14,25.25,0.997427793804,2.572206e-03
0.5,14,25.5,0.997617738272,2.382262e-03
0.5,14,25.75,0.997793670659,2.206329e-03
0.5,14,26.0,0.997956622401,2.043378e-03
0.5,14,26.25,0.998107549352,1.892451e-03
0.5,14,26.5,0.998247337263,1.752663e-03
0.5,14,26.75,0.998376806885,1.623193e-03
0.5,14,27.0,0.998496718704,1.503281e-03
0.5,14,27.25,0.998607777328,1.392223e-03
0.5,14,27.5,0.998710635574,1.289364e-03
0.5,14,27.75,0.998805898249,1.194102e-03
0.5,14,28.0,0.998894125658,1.105874e-03
0.5,14,28.25,0.998975836869,1.024163e-03
0.5,14,28.5,0.999051512729,9.484873e-04
0.5,14,28.75,0.999121598667,8.784013e-04
0.5,14,29.0,0.999186507295,8.134927e-04
0.5,14,29.25,0.999246620815,7.533792e-04
0.5,14,29.5,0.999302293254,6.977067e-04
0.5,14,29.75,0.999353852534,6.461475e-04
0.5,14,30.0,0.999401602393,5.983976e-04
0.5,14,30.25,0.999445824164,5.541758e-04
0.5,14,30.5,0.999486778422,5.132216e-04
0.5,14,30.75,0.999524706514,4.752935e-04
0.5,14,31.0,0.999559831975,4.401680e-04
0.5,14,31.25,0.999592361841,4.076382e-04
0.5,14,31.5,0.999622487862,3.775121e-04
0.5,14,31.75,0.999650387634,3.496124e-04
0.5,14,32.0,0.999676225636,3.237744e-04
0.5,14,32.25,0.999700154203,2.998458e-04
0.5,14,32.5,0.999722314420,2.776856e-04
0.5,14,32.75,0.999742836950,2.571631e-04
0.5,14,33.0,0.999761842806,2.381572e-04
0.5,14,33.25,0.999779444062,2.205559e-04
0.5,14,33.5,0.999795744512,2.042555e-04
0.5,14,33.75,0.999810840282,1.891597e-04
0.5,14,34.0,0.999824820398,1.751796e-04
0.5,14,34.25,0.999837767306,1.622327e-04
0.5,14,34.5,0.999849757362,1.502426e-04
0.5,14,34.75,0.999860861280,1.391387e-04
0.5,14,35.0,0.999871144547,1.288555e-04
0.5,14,35.25,0.999880667813,1.193322e-04
0.5,14,35.5,0.999889487245,1.105128e-04
0.5,14,35.75,0.999897654861,1.023451e-04
0.5,14,36.0,0.999905218833,9.478117e-05
0.5,14,36.25,0.999912223775,8.777623e-05
0.5,14,36.5,0.999918711001,8.128900e-05
0.5,14,36.75,0.999924718775,7.528122e-05
0.5,14,37.0,0.999930282532,6.971747e-05
0.5,14,37.25,0.999935435088,6.456491e-05
0.5,14,37.5,0.999940206833,5.979317e-05
0.5,14,37.75,0.999944625913,5.537409e-05
0.5,14,38.0,0.999948718391,5.128161e-05
0.5,14,38.25,0.999952508407,4.749159e-05
0.5,14,38.5,0.999956018314,4.398169e-05
0.5,14,38.75,0.999959268816,4.073118e-05
0.5,14,39.0,0.999962279083,3.772092e-05
0.5,14,39.25,0.999965066871,3.493313e-05
0.5,14,39.5,0.999967648623,3.235138e-05
0.5,14,39.75,0.999970039567,2.996043e-05
0.5,14,40.0,0.999972253804,2.774620e-05
0.5,16,0.0,0.000015258789,9.999847e-01
0.5,16,0.05,0.000015376431,9.999846e-01
0.5,16,0.1,0.000015745152,9.999843e-01
0.5,16,0.15,0.000016396395,9.999836e-01
0.5,16,0.2,0.000017374101,9.999826e-01
0.5,16,0.25,0.000018738047,9.999813e-01
0.5,16,0.3,0.000020568114,9.999794e-01
0.5,16,0.35,0.000022969726,9.999770e-01
0.5,16,0.4,0.000026080719,9.999739e-01
0.5,16,0.45,0.000030079938,9.999699e-01
0.5,16,0.5,0.000035197869,9.999648e-01
0.5,16,0.55,0.000041729596,9.999583e-01
0.5,16,0.6,0.000050050386,9.999499e-01
0.5,16,0.65,0.000060634067,9.999394e-01
0.5,16,0.7,0.000074074325,9.999259e-01
0.5,16,0.75,0.000091108835,9.999089e-01
0.5,16,0.8,0.000112645968,9.998874e-01
0.5,16,0.85,0.000139793559,9.998602e-01
0.5,16,0.9,0.000173888938,9.998261e-01
0.5,16,0.95,0.000216529182,9.997835e-01
0.5,16,1.0,0.000269600240,9.997304e-01
0.5,16,1.05,0.000335303415,9.996647e-01
0.5,16,1.1,0.000416177534,9.995838e-01
0.5,16,1.15,0.000515115115,9.994849e-01
0.5,16,1.2,0.000635370942,9.993646e-01
0.5,16,1.25,0.000780561659,9.992194e-01
0.5,16,1.3,0.000954655368,9.990453e-01
0.5,16,1.35,0.001161950614,9.988380e-01
0.5,16,1.4,0.001407044677,9.985930e-01
0.5,16,1.45,0.001694791614,9.983052e-01
0.5,16,1.5,0.002030251003,9.979697e-01
0.5,16,1.55,0.002418628850,9.975814e-01
0.5,16,1.6,0.002865212451,9.971348e-01
0.5,16,1.65,0.003375301323,9.966247e-01
0.5,16,1.7,0.003954136423,9.960459e-01
0.5,16,1.75,0.004606829935,9.953932e-01
0.5,16,1.8,0.005338297746,9.946617e-01
0.5,16,1.85,0.006153196588,9.938468e-01
0.5,16,1.9,0.007055867484,9.929441e-01
0.5,16,1.95,0.008050286807,9.919497e-01
0.5,16,2.0,0.009140025895,9.908600e-01
0.5,16,2.25,0.016111992870,9.838880e-01
0.5,16,2.5,0.025740121823,9.742599e-01
0.5,16,2.75,0.037978066887,9.620219e-01
0.5,16,3.0,0.052595465118,9.474045e-01
0.5,16,3.25,0.069274183080,9.307258e-01
0.5,16,3.5,0.087682341519,9.123177e-01
0.5,16,3.75,0.107516295232,8.924837e-01
0.5,16,4.0,0.128516751122,8.714832e-01
0.5,16,4.25,0.150469218866,8.495308e-01
0.5,16,4.5,0.173197190752,8.268028e-01
0.5,16,4.75,0.196553305660,8.034467e-01
0.5,16,5.0,0.220411167249,7.795888e-01
0.5,16,5.25,0.244658847620,7.553412e-01
0.5,16,5.5,0.269194234191,7.308058e-01
0.5,16,5.75,0.293921989146,7.060780e-01
0.5,16,6.0,0.318751767351,6.812482e-01
0.5,16,6.25,0.343597341541,6.564027e-01
0.5,16,6.5,0.368376336506,6.316237e-01
0.5,16,6.75,0.393010339177,6.069897e-01
0.5,16,7.0,0.417425212320,5.825748e-01
0.5,16,7.25,0.441551490314,5.584485e-01
0.5,16,7.5,0.465324775293,5.346752e-01
0.5,16,7.75,0.488686081965,5.113139e-01
0.5,16,8.0,0.511582101443,4.884179e-01
0.5,16,8.25,0.533965370055,4.660346e-01
0.5,16,8.5,0.555794339987,4.442057e-01
0.5,16,8.75,0.577033355773,4.229666e-01
0.5,16,9.0,0.597652545237,4.023475e-01
0.5,16,9.25,0.617627636024,3.823724e-01
0.5,16,9.5,0.636939710093,3.630603e-01
0.5,16,9.75,0.655574908735,3.444251e-01
0.5,16,10.0,0.673524100242,3.264759e-01
0.5,16,10.25,0.690782521501,3.092175e-01
0.5,16,10.5,0.707349403623,2.926506e-01
0.5,16,10.75,0.723227590507,2.767724e-01
0.5,16,11.0,0.738423157923,2.615768e-01
0.5,16,11.25,0.752945039416,2.470550e-01
0.5,16,11.5,0.766804664176,2.331953e-01
0.5,16,11.75,0.780015610862,2.199844e-01
0.5,16,12.0,0.792593280396,2.074067e-01
0.5,16,12.25,0.804554589874,1.954454e-01
0.5,16,12.5,0.815917688939,1.840823e-01
0.5,16,12.75,0.826701699358,1.732983e-01
0.5,16,13.0,0.836926477958,1.630735e-01
0.5,16,13.25,0.846612402685,1.533876e-01
0.5,16,13.5,0.855780181144,1.442198e-01
0.5,16,13.75,0.864450680752,1.355493e-01
0.5,16,14.0,0.872644779407,1.273552e-01
0.5,16,14.25,0.880383235433,1.196168e-01
0.5,16,14.5,0.887686575490,1.123134e-01
0.5,16,14.75,0.894574999070,1.054250e-01
0.5,16,15.0,0.901068298187,9.893170e-02
0.5,16,15.25,0.907185790893,9.281421e-02
0.5,16,15.5,0.912946267279,8.705373e-02
0.5,16,15.75,0.918367946674,8.163205e-02
0.5,16,16.0,0.923468444818,7.653156e-02
0.5,16,16.25,0.928264749863,7.173525e-02
0.5,16,16.5,0.932773206123,6.722679e-02
0.5,16,16.75,0.937009504586,6.299050e-02
0.5,16,17.0,0.940988679279,5.901132e-02
0.5,16,17.25,0.944725108646,5.527489e-02
0.5,16,17.5,0.948232521199,5.176748e-02
0.5,16,17.75,0.951524004751,4.847600e-02
0.5,16,18.0,0.954612018629,4.538798e-02
0.5,16,18.25,0.957508408332,4.249159e-02
0.5,16,18.5,0.960224422139,3.977558e-02
0.5,16,18.75,0.962770729259,3.722927e-02
0.5,16,19.0,0.965157439145,3.484256e-02
0.5,16,19.25,0.967394121655,3.260588e-02
0.5,16,19.5,0.969489827775,3.051017e-02
0.5,16,19.75,0.971453110671,2.854689e-02
0.5,16,20.0,0.973292046858,2.670795e-02
0.5,16,20.25,0.975014257326,2.498574e-02
0.5,16,20.5,0.976626928457,2.337307e-02
0.5,16,20.75,0.978136832640,2.186317e-02
0.5,16,21.0,0.979550348453,2.044965e-02
0.5,16,21.25,0.980873480365,1.912652e-02
0.5,16,21.5,0.982111877870,1.788812e-02
0.5,16,21.75,0.983270854020,1.672915e-02
0.5,16,22.0,0.984355403311,1.564460e-02
0.5,16,22.25,0.985370218905,1.462978e-02
0.5,16,22.5,0.986319709168,1.368029e-02
0.5,16,22.75,0.987208013514,1.279199e-02
0.5,16,23.0,0.988039017558,1.196098e-02
0.5,16,23.25,0.988816367582,1.118363e-02
0.5,16,23.5,0.989543484312,1.045652e-02
0.5,16,23.75,0.990223576040,9.776424e-03
0.5,16,24.0,0.990859651078,9.140349e-03
0.5,16,24.25,0.991454529590,8.545470e-03
0.5,16,24.5,0.992010854798,7.989145e-03
0.5,16,24.75,0.992531103598,7.468896e-03
0.5,16,25.0,0.993017596603,6.982403e-03
0.5,16,25.25,0.993472507630,6.527492e-03
0.5,16,25.5,0.993897872665,6.102127e-03
0.5,16,25.75,0.994295598321,5.704402e-03
0.5,16,26.0,0.994667469814,5.332530e-03
0.5,16,26.25,0.995015158472,4.984842e-03
0.5,16,26.5,0.995340228824,4.659771e-03
0.5,16,26.75,0.995644145254,4.355855e-03
0.5,16,27.0,0.995928278274,4.071722e-03
0.5,16,27.25,0.996193910414,3.806090e-03
0.5,16,27.5,0.996442241771,3.557758e-03
0.5,16,27.75,0.996674395203,3.325605e-03
0.5,16,28.0,0.996891421228,3.108579e-03
0.5,16,28.25,0.997094302611,2.905697e-03
0.5,16,28.5,0.997283958670,2.716041e-03
0.5,16,28.75,0.997461249321,2.538751e-03
0.5,16,29.0,0.997626978869,2.373021e-03
0.5,16,29.25,0.997781899565,2.218100e-03
0.5,16,29.5,0.997926714940,2.073285e-03
0.5,16,29.75,0.998062082928,1.937917e-03
0.5,16,30.0,0.998188618796,1.811381e-03
0.5,16,30.25,0.998306897889,1.693102e-03
0.5,16,30.5,0.998417458199,1.582542e-03
0.5,16,30.75,0.998520802773,1.479197e-03
0.5,16,31.0,0.998617401969,1.382598e-03
0.5,16,31.25,0.998707695567,1.292304e-03
0.5,16,31.5,0.998792094744,1.207905e-03
0.5,16,31.75,0.998870983925,1.129016e-03
0.5,16,32.0,0.998944722518,1.055277e-03
0.5,16,32.25,0.999013646532,9.863535e-04
0.5,16,32.5,0.999078070095,9.219299e-04
0.5,16,32.75,0.999138286870,8.617131e-04
0.5,16,33.0,0.999194571392,8.054286e-04
0.5,16,33.25,0.999247180300,7.528197e-04
0.5,16,33.5,0.999296353508,7.036465e-04
0.5,16,33.75,0.999342315286,6.576847e-04
0.5,16,34.0,0.999385275282,6.147247e-04
0.5,16,34.25,0.999425429469,5.745705e-04
0.5,16,34.5,0.999462961040,5.370390e-04
0.5,16,34.75,0.999498041235,5.019588e-04
0.5,16,35.0,0.999530830122,4.691699e-04
0.5,16,35.25,0.999561477324,4.385227e-04
0.5,16,35.5,0.999590122699,4.098773e-04
0.5,16,35.75,0.999616896979,3.831030e-04
0.5,16,36.0,0.999641922361,3.580776e-04
0.5,16,36.25,0.999665313065,3.346869e-04
0.5,16,36.5,0.999687175856,3.128241e-04
0.5,16,36.75,0.999707610527,2.923895e-04
0.5,16,37.0,0.999726710356,2.732896e-04
0.5,16,37.25,0.999744562531,2.554375e-04
0.5,16,37.5,0.999761248546,2.387515e-04
0.5,16,37.75,0.999776844573,2.231554e-04
0.5,16,38.0,0.999791421810,2.085782e-04
0.5,16,38.25,0.999805046806,1.949532e-04
0.5,16,38.5,0.999817781763,1.822182e-04
0.5,16,38.75,0.999829684820,1.703152e-04
0.5,16,39.0,0.999840810318,1.591897e-04
0.5,16,39.25,0.999851209052,1.487909e-04
0.5,16,39.5,0.999860928495,1.390715e-04
0.5,16,39.75,0.999870013023,1.299870e-04
0.5,16,40.0,0.999878504110,1.214959e-04
0.5,18,0.0,0.000003814697,9.999962e-01
0.5,18,0.05,0.000003847800,9.999962e-01
0.5,18,0.1,0.000003951757,9.999960e-01
0.5,18,0.15,0.000004136108,9.999959e-01
0.5,18,0.2,0.000004414588,9.999956e-01
0.5,18,0.25,0.000004806344,9.999952e-01
0.5,18,0.3,0.000005337572,9.999947e-01
0.5,18,0.35,0.000006043664,9.999940e-01
0.5,18,0.4,0.000006972034,9.999930e-01
0.5,18,0.45,0.000008185808,9.999918e-01
0.5,18,0.5,0.000009768568,9.999902e-01
0.5,18,0.55,0.000011830407,9.999882e-01
0.5,18,0.6,0.000014515545,9.999855e-01
0.5,18,0.65,0.000018011765,9.999820e-01
0.5,18,0.7,0.000022561923,9.999774e-01
0.5,18,0.75,0.000028477735,9.999715e-01
0.5,18,0.8,0.000036155957,9.999638e-01
0.5,18,0.85,0.000046096985,9.999539e-01
0.5,18,0.9,0.000058925719,9.999411e-01
0.5,18,0.95,0.000075414354,9.999246e-01
0.5,18,1.0,0.000096506554,9.999035e-01
0.5,18,1.05,0.000123342233,9.998767e-01
0.5,18,1.1,0.000157281943,9.998427e-01
0.5,18,1.15,0.000199929712,9.998001e-01
0.5,18,1.2,0.000253153024,9.997468e-01
0.5,18,1.25,0.000319098617,9.996809e-01
0.5,18,1.3,0.000400202784,9.995998e-01
0.5,18,1.35,0.000499195044,9.995008e-01
0.5,18,1.4,0.000619094261,9.993809e-01
0.5,18,1.45,0.000763196604,9.992368e-01
0.5,18,1.5,0.000935055148,9.990649e-01
0.5,18,1.55,0.001138451267,9.988615e-01
0.5,18,1.6,0.001377358427,9.986226e-01
0.5,18,1.65,0.001655899317,9.983441e-01
0.5,18,1.7,0.001978297602,9.980217e-01
0.5,18,1.75,0.002348825796,9.976512e-01
0.5,18,1.8,0.002771750901,9.972282e-01
0.5,18,1.85,0.003251279536,9.967487e-01
0.5,18,1.9,0.003791504196,9.962085e-01
0.5,18,1.95,0.004396352201,9.956036e-01
0.5,18,2.0,0.005069538683,9.949305e-01
0.5,18,2.25,0.009570974557,9.904290e-01
0.5,18,2.5,0.016161105026,9.838389e-01
0.5,18,2.75,0.024932235182,9.750678e-01
0.5,18,3.0,0.035792359333,9.642076e-01
0.5,18,3.25,0.048535264912,9.514647e-01
0.5,18,3.5,0.062909047821,9.370910e-01
0.5,18,3.75,0.078663786923,9.213362e-01
0.5,18,4.0,0.095576535942,9.044235e-01
0.5,18,4.25,0.113459599573,8.865404e-01
0.5,18,4.5,0.132159144400,8.678409e-01
0.5,18,4.75,0.151549503220,8.484505e-01
0.5,18,5.0,0.171526428897,8.284736e-01
0.5,18,5.25,0.192000935879,8.079991e-01
0.5,18,5.5,0.212894359932,7.871056e-01
0.5,18,5.75,0.234134728422,7.658653e-01
0.5,18,6.0,0.255654290328,7.443457e-01
0.5,18,6.25,0.277387974582,7.226120e-01
0.5,18,6.5,0.299272543828,7.007275e-01
0.5,18,6.75,0.321246241667,6.787538e-01
0.5,18,7.0,0.343248771306,6.567512e-01
0.5,18,7.25,0.365221481598,6.347785e-01
0.5,18,7.5,0.387107668880,6.128923e-01
0.5,18,7.75,0.408852928975,5.911471e-01
0.5,18,8.0,0.430405513781,5.695945e-01
0.5,18,8.25,0.451716662107,5.482833e-01
0.5,18,8.5,0.472740885682,5.272591e-01
0.5,18,8.75,0.493436199583,5.065638e-01
0.5,18,9.0,0.513764292311,4.862357e-01
0.5,18,9.25,0.533690635024,4.663094e-01
0.5,18,9.5,0.553184532329,4.468155e-01
0.5,18,9.75,0.572219119042,4.277809e-01
0.5,18,10.0,0.590771308477,4.092287e-01
0.5,18,10.25,0.608821698503,3.911783e-01
0.5,18,10.5,0.626354441850,3.736456e-01
0.5,18,10.75,0.643357087083,3.566429e-01
0.5,18,11.0,0.659820396396,3.401796e-01
0.5,18,11.25,0.675738145989,3.242619e-01
0.5,18,11.5,0.691106914280,3.088931e-01
0.5,18,11.75,0.705925862645,2.940741e-01
0.5,18,12.0,0.720196512845,2.798035e-01
0.5,18,12.25,0.733922524686,2.660775e-01
0.5,18,12.5,0.747109476940,2.528905e-01
0.5,18,12.75,0.759764654032,2.402353e-01
0.5,18,13.0,0.771896840491,2.281032e-01
0.5,18,13.25,0.783516124760,2.164839e-01
0.5,18,13.5,0.794633713541,2.053663e-01
0.5,18,13.75,0.805261757507,1.947382e-01
0.5,18,14.0,0.815413188915,1.845868e-01
0.5,18,14.25,0.825101571393,1.748984e-01
0.5,18,14.5,0.834340961949,1.656590e-01
0.5,18,14.75,0.843145785066,1.568542e-01
0.5,18,15.0,0.851530718612,1.484693e-01
0.5,18,15.25,0.859510591154,1.404894e-01
0.5,18,15.5,0.867100290196,1.328997e-01
0.5,18,15.75,0.874314680775,1.256853e-01
0.5,18,16.0,0.881168533819,1.188315e-01
0.5,18,16.25,0.887676463622,1.123235e-01
0.5,18,16.5,0.893852873802,1.061471e-01
0.5,18,16.75,0.899711911075,1.002881e-01
0.5,18,17.0,0.905267426216,9.473257e-02
0.5,18,17.25,0.910532941574,8.946706e-02
0.5,18,17.5,0.915521624532,8.447838e-02
0.5,18,17.75,0.920246266338,7.975373e-02
0.5,18,18.0,0.924719265758,7.528073e-02
0.5,18,18.25,0.928952617029,7.104738e-02
0.5,18,18.5,0.932957901633,6.704210e-02
0.5,18,18.75,0.936746283449,6.325372e-02
0.5,18,19.0,0.940328506844,5.967149e-02
0.5,18,19.25,0.943714897359,5.628510e-02
0.5,18,19.5,0.946915364602,5.308464e-02
0.5,18,19.75,0.949939407055,5.006059e-02
0.5,18,20.0,0.952796118502,4.720388e-02
0.5,18,20.25,0.955494195810,4.450580e-02
0.5,18,20.5,0.958041947840,4.195805e-02
0.5,18,20.75,0.960447305266,3.955269e-02
0.5,18,21.0,0.962717831137,3.728217e-02
0.5,18,21.25,0.964860731991,3.513927e-02
0.5,18,21.5,0.966882869396,3.311713e-02
0.5,18,21.75,0.968790771786,3.120923e-02
0.5,18,22.0,0.970590646469,2.940935e-02
0.5,18,22.25,0.972288391730,2.771161e-02
0.5,18,22.5,0.973889608927,2.611039e-02
0.5,18,22.75,0.975399614522,2.460039e-02
0.5,18,23.0,0.976823451975,2.317655e-02
0.5,18,23.25,0.978165903469,2.183410e-02
0.5,18,23.5,0.979431501393,2.056850e-02
0.5,18,23.75,0.980624539581,1.937546e-02
0.5,18,24.0,0.981749084257,1.825092e-02
0.5,18,24.25,0.982808984670,1.719102e-02
0.5,18,24.5,0.983807883408,1.619212e-02
0.5,18,24.75,0.984749226364,1.525077e-02
0.5,18,25.0,0.985636272368,1.436373e-02
0.5,18,25.25,0.986472102449,1.352790e-02
0.5,18,25.5,0.987259628760,1.274037e-02
0.5,18,25.75,0.988001603136,1.199840e-02
0.5,18,26.0,0.988700625307,1.129937e-02
0.5,18,26.25,0.989359150757,1.064085e-02
0.5,18,26.5,0.989979498247,1.002050e-02
0.5,18,26.75,0.990563857003,9.436143e-03
0.5,18,27.0,0.991114293566,8.885706e-03
0.5,18,27.25,0.991632758341,8.367242e-03
0.5,18,27.5,0.992121091821,7.878908e-03
0.5,18,27.75,0.992581030520,7.418969e-03
0.5,18,28.0,0.993014212619,6.985787e-03
0.5,18,28.25,0.993422183321,6.577817e-03
0.5,18,28.5,0.993806399954,6.193600e-03
0.5,18,28.75,0.994168236803,5.831763e-03
0.5,18,29.0,0.994508989705,5.491010e-03
0.5,18,29.25,0.994829880395,5.170120e-03
0.5,18,29.5,0.995132060638,4.867939e-03
0.5,18,29.75,0.995416616136,4.583384e-03
0.5,18,30.0,0.995684570231,4.315430e-03
0.5,18,30.25,0.995936887411,4.063113e-03
0.5,18,30.5,0.996174476627,3.825523e-03
0.5,18,30.75,0.996398194429,3.601806e-03
0.5,18,31.0,0.996608847941,3.391152e-03
0.5,18,31.25,0.996807197658,3.192802e-03
0.5,18,31.5,0.996993960107,3.006040e-03
0.5,18,31.75,0.997169810347,2.830190e-03
0.5,18,32.0,0.997335384340,2.664616e-03
0.5,18,32.25,0.997491281187,2.508719e-03
0.5,18,32.5,0.997638065239,2.361935e-03
0.5,18,32.75,0.997776268093,2.223732e-03
0.5,18,33.0,0.997906390471,2.093610e-03
0.5,18,33.25,0.998028903997,1.971096e-03
0.5,18,33.5,0.998144252877,1.855747e-03
0.5,18,33.75,0.998252855473,1.747145e-03
0.5,18,34.0,0.998355105802,1.644894e-03
0.5,18,34.25,0.998451374936,1.548625e-03
0.5,18,34.5,0.998542012336,1.457988e-03
0.5,18,34.75,0.998627347098,1.372653e-03
0.5,18,35.0,0.998707689135,1.292311e-03
0.5,18,35.25,0.998783330288,1.216670e-03
0.5,18,35.5,0.998854545376,1.145455e-03
0.5,18,35.75,0.998921593183,1.078407e-03
0.5,18,36.0,0.998984717389,1.015283e-03
0.5,18,36.25,0.999044147452,9.558525e-04
0.5,18,36.5,0.999100099429,8.999006e-04
0.5,18,36.75,0.999152776759,8.472232e-04
0.5,18,37.0,0.999202370999,7.976290e-04
0.5,18,37.25,0.999249062514,7.509375e-04
0.5,18,37.5,0.999293021127,7.069789e-04
0.5,18,37.75,0.999334406739,6.655933e-04
0.5,18,38.0,0.999373369903,6.266301e-04
0.5,18,38.25,0.999410052369,5.899476e-04
0.5,18,38.5,0.999444587602,5.554124e-04
0.5,18,38.75,0.999477101260,5.228987e-04
0.5,18,39.0,0.999507711653,4.922883e-04
0.5,18,39.25,0.999536530173,4.634698e-04
0.5,18,39.5,0.999563661694,4.363383e-04
0.5,18,39.75,0.999589204956,4.107950e-04
0.5,18,40.0,0.999613252922,3.867471e-04
